Type,Adjective,Noun,ERP_Code,Note,HEX,R400 nm,R410 nm,R420 nm,R430 nm,R440 nm,R450 nm,R460 nm,R470 nm,R480 nm,R490 nm,R500 nm,R510 nm,R520 nm,R530 nm,R540 nm,R550 nm,R560 nm,R570 nm,R580 nm,R590 nm,R600 nm,R610 nm,R620 nm,R630 nm,R640 nm,R650 nm,R660 nm,R670 nm,R680 nm,R690 nm,R700 nm
DB,uniboard,113 Super White,https://www.uniboard.com/en/panels/tfl-panels/super-white,https://www.uniboard.com/damProxy.php?request=vortek_surfaces_preview&path=/tmp/image-thumbnails/Materials/Uniboard/Packages/Images%20Web/113_Super%20Blanc_Super%20White/image-thumb__35962__uniboard360x360/113_Super%20Blanc_Super%20White_Dolomite_48x24_37dpi.png&query=,#F9F9F9,5.86E-01,6.85E-01,7.42E-01,7.69E-01,7.85E-01,7.97E-01,8.05E-01,8.09E-01,8.12E-01,8.17E-01,8.25E-01,8.32E-01,8.37E-01,8.40E-01,8.41E-01,8.38E-01,8.39E-01,8.44E-01,8.47E-01,8.46E-01,8.41E-01,8.38E-01,8.38E-01,8.37E-01,8.35E-01,8.36E-01,8.35E-01,8.34E-01,8.33E-01,8.32E-01,8.32E-01
DB,uniboard,123 Charcoal,https://www.uniboard.com/en/panels/tfl-panels/charcoal,https://www.uniboard.com/damProxy.php?request=vortek_surfaces_preview&path=/tmp/image-thumbnails/Materials/Uniboard/Packages/Images%20Web/123_Charbon_Charcoal/image-thumb__35966__uniboard360x360/123_Charbon_Charcoal_Dolomite_48x24_37dpi.png&query=,#3A3C39,6.30E-02,7.01E-02,7.25E-02,7.36E-02,7.38E-02,7.39E-02,7.37E-02,7.30E-02,7.25E-02,7.20E-02,7.17E-02,7.16E-02,7.15E-02,7.16E-02,7.17E-02,7.19E-02,7.24E-02,7.32E-02,7.39E-02,7.44E-02,7.42E-02,7.34E-02,7.27E-02,7.22E-02,7.16E-02,7.14E-02,7.08E-02,7.02E-02,6.96E-02,6.91E-02,6.86E-02
DB,uniboard,168 Canadian Grey,https://www.uniboard.com/en/panels/tfl-panels/canadian-grey,https://www.uniboard.com/damProxy.php?request=vortek_surfaces_preview&path=/tmp/image-thumbnails/Materials/Uniboard/Packages/Images%20Web/168_Gris%20Canadien_Canadian%20Grey/image-thumb__35975__uniboard360x360/168_Gris%20Canadien_Canadian%20Grey_Dolomite_48x24_37dpi.png&query=,#C7C9C6,2.39E-01,2.79E-01,3.01E-01,3.11E-01,3.17E-01,3.21E-01,3.24E-01,3.24E-01,3.25E-01,3.27E-01,3.30E-01,3.35E-01,3.38E-01,3.40E-01,3.42E-01,3.42E-01,3.43E-01,3.46E-01,3.48E-01,3.46E-01,3.44E-01,3.43E-01,3.44E-01,3.44E-01,3.44E-01,3.46E-01,3.47E-01,3.47E-01,3.47E-01,3.48E-01,3.48E-01
DB,uniboard,204 Bourbon Cherry,https://www.uniboard.com/en/panels/tfl-panels/bourbon-cherry,https://www.uniboard.com/damProxy.php?request=vortek_surfaces_preview&path=/tmp/image-thumbnails/Materials/Uniboard/Packages/Images%20Web/204_Cerisier%20Bourbon_Bourbon%20Cherry/image-thumb__35979__uniboard360x360/204_Cerisier%20Bourbon_Bourbon%20Cherry_Dolomite_48x24_37dpi.png&query=,#693F2A,,,,,,,,,,,,,,,,,,,,,,,,,,,,,,,
DB,uniboard,205 Tobacco Cherry,https://www.uniboard.com/en/panels/tfl-panels/tobacco-cherry,https://www.uniboard.com/damProxy.php?request=vortek_surfaces_preview&path=/tmp/image-thumbnails/Materials/Uniboard/Packages/Images%20Web/205_Cerisier%20Tabac_Tobacco%20Cherry/image-thumb__35984__uniboard360x360/205_Cerisier%20Tabac_Tobacco%20Cherry_Dolomite_48x24_37dpi.png&query=,#915629,,,,,,,,,,,,,,,,,,,,,,,,,,,,,,,
DB,uniboard,206 Crema Cherry,https://www.uniboard.com/en/panels/tfl-panels/crema-cherry,https://www.uniboard.com/damProxy.php?request=vortek_surfaces_preview&path=/tmp/image-thumbnails/Materials/Uniboard/Packages/Images%20Web/206_Cerisier%20Crema_Crema%20Cherry/image-thumb__35989__uniboard360x360/206_Cerisier%20Crema_Crema%20Cherry_Dolomite_48x24_37dpi.png&query=,#D8B77C,,,,,,,,,,,,,,,,,,,,,,,,,,,,,,,
DB,uniboard,207 Choco Cherry,https://www.uniboard.com/en/panels/tfl-panels/choco-cherry,https://www.uniboard.com/damProxy.php?request=vortek_surfaces_preview&path=/tmp/image-thumbnails/Materials/Uniboard/Packages/Images%20Web/207_Cerisier%20Choco_Choco%20Cherry/image-thumb__35995__uniboard360x360/207_Cerisier%20Choco_Choco%20Cherry_Dolomite_48x24_37dpi.png&query=,#57361B,,,,,,,,,,,,,,,,,,,,,,,,,,,,,,,
DB,uniboard,241 Audacity,https://www.uniboard.com/en/panels/tfl-panels/audacity,https://www.uniboard.com/damProxy.php?request=vortek_surfaces_preview&path=/tmp/image-thumbnails/Materials/Uniboard/Packages/Images%20Web/241_Audace_Audacity/image-thumb__36004__uniboard360x360/241_Audace_Audacity_Dolomite_48x24_37dpi.png&query=,#393834,,,,,,,,,,,,,,,,,,,,,,,,,,,,,,,
DB,uniboard,262 Sunrise Maple,https://www.uniboard.com/en/panels/tfl-panels/sunrise-maple,https://www.uniboard.com/damProxy.php?request=vortek_surfaces_preview&path=/tmp/image-thumbnails/Materials/Uniboard/Packages/Images%20Web/262_%C3%89rable%20Lever%20de%20Soleil_Sunrise%20Maple/image-thumb__35958__uniboard360x360/262_%C3%89rable%20Lever%20de%20Soleil_Sunrise%20Maple_Dolomite_48x24_37dpi.png&query=,#A67146,,,,,,,,,,,,,,,,,,,,,,,,,,,,,,,
DB,uniboard,263 Sunset Maple,https://www.uniboard.com/en/panels/tfl-panels/sunset-maple,https://www.uniboard.com/damProxy.php?request=vortek_surfaces_preview&path=/tmp/image-thumbnails/Materials/Uniboard/Packages/Images%20Web/263_%C3%89rable%20Coucher%20de%20Soleil_Sunset%20Maple/image-thumb__36008__uniboard360x360/263_%C3%89rable%20Coucher%20de%20Soleil_Sunset%20Maple_Dolomite_48x24_37dpi.png&query=,#723617,,,,,,,,,,,,,,,,,,,,,,,,,,,,,,,
DB,uniboard,290 Classic Maple,https://www.uniboard.com/en/panels/tfl-panels/classic-maple,https://www.uniboard.com/damProxy.php?request=vortek_surfaces_preview&path=/tmp/image-thumbnails/Materials/Uniboard/Packages/Images%20Web/290_%C3%89rable%20Classique_Classic%20Maple/image-thumb__36013__uniboard360x360/290_%C3%89rable%20Classique_Classic%20Maple_Dolomite_48x24_37dpi.png&query=,#C9A16E,,,,,,,,,,,,,,,,,,,,,,,,,,,,,,,
DB,uniboard,300 Classic White,https://www.uniboard.com/en/panels/tfl-panels/classic-white,https://www.uniboard.com/damProxy.php?request=vortek_surfaces_preview&path=/tmp/image-thumbnails/Materials/Uniboard/Packages/Images%20Web/300_Blanc%20Classique_Classic%20White/image-thumb__36017__uniboard360x360/300_Blanc%20Classique_Classic%20White_Dolomite_48x24_37dpi.png&query=,#F0F8FA,5.58E-01,6.61E-01,7.24E-01,7.54E-01,7.73E-01,7.88E-01,7.96E-01,7.99E-01,8.00E-01,8.03E-01,8.09E-01,8.17E-01,8.22E-01,8.26E-01,8.28E-01,8.27E-01,8.28E-01,8.34E-01,8.37E-01,8.36E-01,8.31E-01,8.28E-01,8.29E-01,8.28E-01,8.26E-01,8.28E-01,8.27E-01,8.26E-01,8.25E-01,8.24E-01,8.24E-01
DB,uniboard,313 Classic Chocolate,https://www.uniboard.com/en/panels/tfl-panels/classic-chocolate,https://www.uniboard.com/damProxy.php?request=vortek_surfaces_preview&path=/tmp/image-thumbnails/Materials/Uniboard/Packages/Images%20Web/313_Chocolat%20Classique_Classic%20Chocolate/image-thumb__36021__uniboard360x360/313_Chocolat%20Classique_Classic%20Chocolate_Dolomite_48x24_37dpi.png&query=,#3B3026,,,,,,,,,,,,,,,,,,,,,,,,,,,,,,,
DB,uniboard,385 Sapelli Mahogany,https://www.uniboard.com/en/panels/tfl-panels/sapelli-mahogany,https://www.uniboard.com/&query=,#cccccc,,,,,,,,,,,,,,,,,,,,,,,,,,,,,,,
DB,uniboard,505 Arctic White,https://www.uniboard.com/en/panels/tfl-panels/arctic-white,https://www.uniboard.com/damProxy.php?request=vortek_surfaces_preview&path=/tmp/image-thumbnails/Materials/Uniboard/Packages/Images%20Web/505_Blanc%20Arctique_Arctic%20White/image-thumb__36034__uniboard360x360/505_Blanc%20Arctique_Arctic%20White_Dolomite_48x24_37dpi.png&query=,#EDF3F3,6.45E-01,7.58E-01,8.27E-01,8.57E-01,8.70E-01,8.81E-01,8.88E-01,8.89E-01,8.89E-01,8.89E-01,8.92E-01,8.96E-01,8.99E-01,8.99E-01,9.00E-01,8.97E-01,8.97E-01,9.01E-01,9.05E-01,9.04E-01,8.99E-01,8.96E-01,8.97E-01,8.96E-01,8.94E-01,8.96E-01,8.94E-01,8.93E-01,8.92E-01,8.91E-01,8.91E-01
DB,uniboard,511 HiTeak,https://www.uniboard.com/en/panels/tfl-panels/hiteak,https://www.uniboard.com/damProxy.php?request=vortek_surfaces_preview&path=/tmp/image-thumbnails/Materials/Uniboard/Packages/Images%20Web/511_HiTeck_HiTeak/image-thumb__36043__uniboard360x360/511_HiTeck_HiTeak_Dolomite_48x24_37dpi.png&query=,#7F7160,,,,,,,,,,,,,,,,,,,,,,,,,,,,,,,
DB,uniboard,555 NovaWhite,https://www.uniboard.com/en/panels/tfl-panels/novawhite,https://www.uniboard.com/damProxy.php?request=vortek_surfaces_preview&path=/tmp/image-thumbnails/Materials/Uniboard/Packages/Images%20Web/555_NovaBlanc_NovaWhite/image-thumb__36060__uniboard360x360/555_NovaBlanc_NovaWhite_Dolomite_48x24_37dpi.png&query=,#F0F4F3,6.14E-01,7.16E-01,7.73E-01,7.99E-01,8.14E-01,8.25E-01,8.32E-01,8.33E-01,8.33E-01,8.35E-01,8.39E-01,8.45E-01,8.48E-01,8.49E-01,8.50E-01,8.48E-01,8.48E-01,8.52E-01,8.55E-01,8.54E-01,8.49E-01,8.46E-01,8.47E-01,8.46E-01,8.45E-01,8.48E-01,8.47E-01,8.47E-01,8.46E-01,8.46E-01,8.47E-01
DB,uniboard,631 Classic Black,https://www.uniboard.com/en/panels/tfl-panels/classic-black,https://www.uniboard.com/damProxy.php?request=vortek_surfaces_preview&path=/tmp/image-thumbnails/Materials/Uniboard/Packages/Images%20Web/631_Noir%20Classique_Classic%20Black/image-thumb__36069__uniboard360x360/631_Noir%20Classique_Classic%20Black_Dolomite_48x24_37dpi.png&query=,#1C1B17,,,,,,,,,,,,,,,,,,,,,,,,,,,,,,,
DB,uniboard,744 Inspiration,https://www.uniboard.com/en/panels/tfl-panels/inspiration,https://www.uniboard.com/damProxy.php?request=vortek_surfaces_preview&path=/tmp/image-thumbnails/Materials/Uniboard/Packages/Images%20Web/744_Inspiration_Inspiration/image-thumb__36078__uniboard360x360/744_Inspiration_Inspiration_Dolomite_48x24_37dpi.png&query=,#93744F,,,,,,,,,,,,,,,,,,,,,,,,,,,,,,,
DB,uniboard,745 Finesse,https://www.uniboard.com/en/panels/tfl-panels/finesse,https://www.uniboard.com/damProxy.php?request=vortek_surfaces_preview&path=/tmp/image-thumbnails/Materials/Uniboard/Packages/Images%20Web/745_Finesse_Finesse/image-thumb__36082__uniboard360x360/745_Finesse_Finesse_Dolomite_48x24_37dpi.png&query=,#5D442C,,,,,,,,,,,,,,,,,,,,,,,,,,,,,,,
DB,uniboard,766 Cayenne Maple,https://www.uniboard.com/en/panels/tfl-panels/cayenne-maple,https://www.uniboard.com/damProxy.php?request=vortek_surfaces_preview&path=/tmp/image-thumbnails/Materials/Uniboard/Packages/Images%20Web/766_Cayenne%20%C3%A0%20l%27%C3%89rable_Cayenne%20Maple/image-thumb__36095__uniboard360x360/766_Cayenne%20%C3%A0%20l%27%C3%89rable_Cayenne%20Maple_Dolomite_48x24_37dpi.png&query=,#543226,,,,,,,,,,,,,,,,,,,,,,,,,,,,,,,
DB,uniboard,777 White White,https://www.uniboard.com/en/panels/tfl-panels/white-white,https://www.uniboard.com/damProxy.php?request=vortek_surfaces_preview&path=/tmp/image-thumbnails/Materials/Uniboard/Packages/Images%20Web/777_Blanc%20Blanc_White%20White/image-thumb__36099__uniboard360x360/777_Blanc%20Blanc_White%20White_Dolomite_48x24_37dpi.png&query=,#EAF1F9,4.69E-01,5.81E-01,6.65E-01,7.09E-01,7.39E-01,7.62E-01,7.75E-01,7.80E-01,7.81E-01,7.80E-01,7.77E-01,7.73E-01,7.67E-01,7.61E-01,7.56E-01,7.49E-01,7.45E-01,7.47E-01,7.52E-01,7.56E-01,7.58E-01,7.61E-01,7.66E-01,7.68E-01,7.67E-01,7.70E-01,7.68E-01,7.67E-01,7.64E-01,7.62E-01,7.60E-01
DB,uniboard,802 Willow Grey,https://www.uniboard.com/en/panels/tfl-panels/willow-grey,https://www.uniboard.com/damProxy.php?request=vortek_surfaces_preview&path=/tmp/image-thumbnails/Materials/Uniboard/Packages/Images%20Web/802_Gris%20Saule_Willow%20Grey/image-thumb__36108__uniboard360x360/802_Gris%20Saule_Willow%20Grey_Dolomite_48x24_37dpi.png&query=,#C7C4BF,3.43E-01,4.07E-01,4.46E-01,4.66E-01,4.78E-01,4.87E-01,4.93E-01,4.96E-01,4.98E-01,5.02E-01,5.10E-01,5.20E-01,5.29E-01,5.36E-01,5.42E-01,5.45E-01,5.52E-01,5.62E-01,5.69E-01,5.71E-01,5.70E-01,5.70E-01,5.72E-01,5.72E-01,5.71E-01,5.74E-01,5.74E-01,5.74E-01,5.75E-01,5.75E-01,5.76E-01
DB,uniboard,805 Sunset Grey,https://www.uniboard.com/en/panels/tfl-panels/sunset-grey,https://www.uniboard.com/damProxy.php?request=vortek_surfaces_preview&path=/tmp/image-thumbnails/Materials/Uniboard/Packages/Images%20Web/805_Gris%20Ombrag%C3%A9_Sunset%20Grey/image-thumb__36112__uniboard360x360/805_Gris%20Ombrag%C3%A9_Sunset%20Grey_Dolomite_48x24_37dpi.png&query=,#D9DBD6,3.82E-01,4.40E-01,4.70E-01,4.83E-01,4.89E-01,4.95E-01,4.98E-01,4.99E-01,5.00E-01,5.03E-01,5.08E-01,5.12E-01,5.14E-01,5.16E-01,5.17E-01,5.16E-01,5.17E-01,5.22E-01,5.25E-01,5.25E-01,5.24E-01,5.23E-01,5.25E-01,5.25E-01,5.25E-01,5.28E-01,5.28E-01,5.29E-01,5.29E-01,5.30E-01,5.30E-01
DB,uniboard,810 Antique White,https://www.uniboard.com/en/panels/tfl-panels/antique-white,https://www.uniboard.com/damProxy.php?request=vortek_surfaces_preview&path=/tmp/image-thumbnails/Materials/Uniboard/Packages/Images%20Web/810_Blanc%20Antique_Antique%20White/image-thumb__36121__uniboard360x360/810_Blanc%20Antique_Antique%20White_Dolomite_48x24_37dpi.png&query=,#F3F6ED,4.18E-01,5.01E-01,5.55E-01,5.83E-01,6.02E-01,6.17E-01,6.28E-01,6.34E-01,6.40E-01,6.49E-01,6.63E-01,6.82E-01,6.98E-01,7.10E-01,7.18E-01,7.22E-01,7.32E-01,7.46E-01,7.53E-01,7.54E-01,7.51E-01,7.49E-01,7.51E-01,7.50E-01,7.48E-01,7.48E-01,7.46E-01,7.45E-01,7.44E-01,7.43E-01,7.43E-01
DB,uniboard,828 Ingot Grey,https://www.uniboard.com/en/panels/tfl-panels/ingot-grey,https://www.uniboard.com/damProxy.php?request=vortek_surfaces_preview&path=/tmp/image-thumbnails/Materials/Uniboard/Packages/Images%20Web/828_Gris%20Lingot_Ingot%20Grey/image-thumb__36125__uniboard360x360/828_Gris%20Lingot_Ingot%20Grey_Dolomite_48x24_37dpi.png&query=,#5E5D58,8.78E-02,1.01E-01,1.08E-01,1.11E-01,1.13E-01,1.14E-01,1.14E-01,1.14E-01,1.13E-01,1.13E-01,1.14E-01,1.14E-01,1.15E-01,1.16E-01,1.18E-01,1.19E-01,1.22E-01,1.26E-01,1.29E-01,1.31E-01,1.32E-01,1.32E-01,1.32E-01,1.32E-01,1.32E-01,1.32E-01,1.33E-01,1.33E-01,1.33E-01,1.33E-01,1.34E-01
DB,uniboard,888 NovaBlack,https://www.uniboard.com/en/panels/tfl-panels/novablack,https://www.uniboard.com/damProxy.php?request=vortek_surfaces_preview&path=/tmp/image-thumbnails/Materials/Uniboard/Packages/Images%20Web/888_NovaNoir_NovaBlack/image-thumb__36133__uniboard360x360/888_NovaNoir_NovaBlack_Dolomite_48x24_37dpi.png&query=,#1A1914,3.78E-02,4.04E-02,4.00E-02,3.97E-02,3.91E-02,3.87E-02,3.83E-02,3.78E-02,3.76E-02,3.77E-02,3.78E-02,3.76E-02,3.73E-02,3.70E-02,3.68E-02,3.67E-02,3.65E-02,3.66E-02,3.68E-02,3.69E-02,3.67E-02,3.64E-02,3.63E-02,3.62E-02,3.62E-02,3.64E-02,3.64E-02,3.63E-02,3.62E-02,3.61E-02,3.59E-02
DB,uniboard,920 New England Almond,https://www.uniboard.com/en/panels/tfl-panels/new-england-almond,https://www.uniboard.com/damProxy.php?request=vortek_surfaces_preview&path=/tmp/image-thumbnails/Materials/Uniboard/Packages/Images%20Web/920_Amande%20N-Angleterre_New-England%20Almond/image-thumb__36138__uniboard360x360/920_Amande%20N-Angleterre_New-England%20Almond_Dolomite_48x24_37dpi.png&query=,#E8E2BE,3.22E-01,4.05E-01,4.66E-01,4.99E-01,5.23E-01,5.41E-01,5.52E-01,5.57E-01,5.61E-01,5.68E-01,5.85E-01,6.13E-01,6.38E-01,6.58E-01,6.71E-01,6.80E-01,6.96E-01,7.15E-01,7.23E-01,7.20E-01,7.13E-01,7.10E-01,7.12E-01,7.12E-01,7.09E-01,7.09E-01,7.08E-01,7.07E-01,7.06E-01,7.05E-01,7.04E-01
DB,uniboard,934 Platinum,https://www.uniboard.com/en/panels/tfl-panels/platinum,https://www.uniboard.com/damProxy.php?request=vortek_surfaces_preview&path=/tmp/image-thumbnails/Materials/Uniboard/Packages/Images%20Web/934_Platinum_Platinum/image-thumb__36142__uniboard360x360/934_Platinum_Platinum_Dolomite_48x24_37dpi.png&query=,#999F9B,3.41E-01,3.72E-01,3.74E-01,3.72E-01,3.68E-01,3.68E-01,3.71E-01,3.77E-01,3.88E-01,4.03E-01,4.10E-01,4.01E-01,3.88E-01,3.76E-01,3.68E-01,3.60E-01,3.55E-01,3.56E-01,3.61E-01,3.69E-01,3.74E-01,3.76E-01,3.77E-01,3.79E-01,3.81E-01,3.87E-01,3.92E-01,3.98E-01,4.03E-01,4.09E-01,4.13E-01
DB,uniboard,961 Stainless,https://www.uniboard.com/en/panels/tfl-panels/stainless,https://www.uniboard.com/damProxy.php?request=vortek_surfaces_preview&path=/tmp/image-thumbnails/Materials/Uniboard/Packages/Images%20Web/961_Aluminium_Stainless/image-thumb__36150__uniboard360x360/961_Aluminium_Stainless_Dolomite_48x24_37dpi.png&query=,#888C85,,,,,,,,,,,,,,,,,,,,,,,,,,,,,,,
DB,uniboard,965 Port,https://www.uniboard.com/en/panels/tfl-panels/port,https://www.uniboard.com/damProxy.php?request=vortek_surfaces_preview&path=/tmp/image-thumbnails/Materials/Uniboard/Packages/Images%20Web/965_Porto_Port/image-thumb__36154__uniboard360x360/965_Porto_Port_Dolomite_48x24_37dpi.png&query=,#5C3026,,,,,,,,,,,,,,,,,,,,,,,,,,,,,,,
DB,uniboard,992 Hardrock Maple,https://www.uniboard.com/en/panels/tfl-panels/hardrock-maple,https://www.uniboard.com/damProxy.php?request=vortek_surfaces_preview&path=/tmp/image-thumbnails/Materials/Uniboard/Packages/Images%20Web/992_%C3%89rable%20Hardrock_Hardrock%20Maple/image-thumb__36159__uniboard360x360/992_%C3%89rable%20Hardrock_Hardrock%20Maple_Dolomite_48x24_37dpi.png&query=,#D2B382,,,,,,,,,,,,,,,,,,,,,,,,,,,,,,,
DB,uniboard,G16 Milano Oak,https://www.uniboard.com/en/panels/tfl-panels/milano-oak,https://www.uniboard.com/damProxy.php?request=vortek_surfaces_preview&path=/tmp/image-thumbnails/Materials/Uniboard/Packages/Images%20Web/G16_Ch%C3%AAne%20Milano_Milano%20Oak/image-thumb__36171__uniboard360x360/G16_Ch%C3%AAne%20Milano_Milano%20Oak_Dolomite_48x24_37dpi.png&query=,#37362F,,,,,,,,,,,,,,,,,,,,,,,,,,,,,,,
DB,uniboard,G17 Grigio,https://www.uniboard.com/en/panels/tfl-panels/grigio,https://www.uniboard.com/damProxy.php?request=vortek_surfaces_preview&path=/tmp/image-thumbnails/Materials/Uniboard/Packages/Images%20Web/G17_Grigio_Grigio/image-thumb__36176__uniboard360x360/G17_Grigio_Grigio_Dolomite_48x24_37dpi.png&query=,#473A2D,,,,,,,,,,,,,,,,,,,,,,,,,,,,,,,
DB,uniboard,G18 Caramello,https://www.uniboard.com/en/panels/tfl-panels/caramello,https://www.uniboard.com/damProxy.php?request=vortek_surfaces_preview&path=/tmp/image-thumbnails/Materials/Uniboard/Packages/Images%20Web/G18_Caramello_Caramello/image-thumb__36180__uniboard360x360/G18_Caramello_Caramello_Dolomite_48x24_37dpi.png&query=,#69472B,,,,,,,,,,,,,,,,,,,,,,,,,,,,,,,
DB,uniboard,G20 Sheer Linen,https://www.uniboard.com/en/panels/tfl-panels/sheer-linen,https://www.uniboard.com/damProxy.php?request=vortek_surfaces_preview&path=/tmp/image-thumbnails/Materials/Uniboard/Packages/Images%20Web/G20_Lin%20Pur_Sheer%20Linen/image-thumb__36184__uniboard360x360/G20_Lin%20Pur_Sheer%20Linen_Calico_48x24_37dpi.png&query=,#BBBBB0,3.33E-01,3.80E-01,4.00E-01,4.10E-01,4.15E-01,4.21E-01,4.27E-01,4.34E-01,4.43E-01,4.56E-01,4.66E-01,4.67E-01,4.66E-01,4.64E-01,4.63E-01,4.62E-01,4.65E-01,4.75E-01,4.86E-01,5.00E-01,5.08E-01,5.10E-01,5.10E-01,5.09E-01,5.08E-01,5.09E-01,5.08E-01,5.07E-01,5.06E-01,5.06E-01,5.05E-01
DB,uniboard,G21 Viva Walnut,https://www.uniboard.com/en/panels/tfl-panels/viva-walnut,https://www.uniboard.com/damProxy.php?request=vortek_surfaces_preview&path=/tmp/image-thumbnails/Materials/Uniboard/Packages/Images%20Web/G21_Noyer%20Viva_Viva%20Walnut/image-thumb__36189__uniboard360x360/G21_Noyer%20Viva_Viva%20Walnut_Dolomite_48x24_37dpi.png&query=,#54432E,,,,,,,,,,,,,,,,,,,,,,,,,,,,,,,
DB,uniboard,G23 Coastal Pear,https://www.uniboard.com/en/panels/tfl-panels/coastal-pear,https://www.uniboard.com/damProxy.php?request=vortek_surfaces_preview&path=/tmp/image-thumbnails/Materials/Uniboard/Packages/Images%20Web/G23_Poirier%20de%20la%20C%C3%B4te_Coastal%20Pear/image-thumb__36197__uniboard360x360/G23_Poirier%20de%20la%20C%C3%B4te_Coastal%20Pear_HighGloss_48x24_37dpi.png&query=,#D2CDB2,,,,,,,,,,,,,,,,,,,,,,,,,,,,,,,
DB,uniboard,G63 Acacia,https://www.uniboard.com/en/panels/tfl-panels/acacia,https://www.uniboard.com/damProxy.php?request=vortek_surfaces_preview&path=/tmp/image-thumbnails/Materials/Uniboard/Packages/Images%20Web/G63_Acacia_Acacia/image-thumb__43656__uniboard360x360/G63_Acacia_Acacia_Vellum_48x24_37dpi.png&query=,#D8CAA4,3.61E-01,3.81E-01,3.68E-01,3.60E-01,3.54E-01,3.56E-01,3.67E-01,3.87E-01,4.18E-01,4.60E-01,4.88E-01,4.90E-01,4.86E-01,4.80E-01,4.75E-01,4.73E-01,4.80E-01,4.98E-01,5.21E-01,5.52E-01,5.73E-01,5.80E-01,5.80E-01,5.77E-01,5.74E-01,5.74E-01,5.73E-01,5.71E-01,5.71E-01,5.72E-01,5.73E-01
DB,uniboard,H50 Silva,https://www.uniboard.com/en/panels/tfl-panels/silva,https://www.uniboard.com/damProxy.php?request=vortek_surfaces_preview&path=/tmp/image-thumbnails/Materials/Uniboard/Packages/Images%20Web/H50_Silva_Silva/image-thumb__36231__uniboard360x360/H50_Silva_Silva_BrushedElm_48x24_37dpi.png&query=,#37342C,7.31E-02,7.80E-02,7.66E-02,7.55E-02,7.44E-02,7.41E-02,7.47E-02,7.61E-02,7.88E-02,8.27E-02,8.54E-02,8.54E-02,8.45E-02,8.34E-02,8.25E-02,8.18E-02,8.19E-02,8.34E-02,8.60E-02,8.98E-02,9.25E-02,9.33E-02,9.33E-02,9.30E-02,9.28E-02,9.32E-02,9.32E-02,9.33E-02,9.34E-02,9.36E-02,9.37E-02
DB,uniboard,H52 Riva,https://www.uniboard.com/en/panels/tfl-panels/riva,https://www.uniboard.com/damProxy.php?request=vortek_surfaces_preview&path=/tmp/image-thumbnails/Materials/Uniboard/Packages/Images%20Web/H52_Riva_Riva/image-thumb__36240__uniboard360x360/H52_Riva_Riva_BrushedElm_48x24_37dpi.png&query=,#C8BDA2,3.58E-01,3.76E-01,3.60E-01,3.49E-01,3.39E-01,3.38E-01,3.46E-01,3.62E-01,3.90E-01,4.29E-01,4.59E-01,4.63E-01,4.57E-01,4.47E-01,4.38E-01,4.28E-01,4.25E-01,4.35E-01,4.60E-01,5.05E-01,5.38E-01,5.49E-01,5.47E-01,5.44E-01,5.41E-01,5.42E-01,5.42E-01,5.42E-01,5.42E-01,5.43E-01,5.44E-01
DB,uniboard,H53 Ember,https://www.uniboard.com/en/panels/tfl-panels/ember,https://www.uniboard.com/damProxy.php?request=vortek_surfaces_preview&path=/tmp/image-thumbnails/Materials/Uniboard/Packages/Images%20Web/H53_Cendr%C3%A9_Ember/image-thumb__36244__uniboard360x360/H53_Cendr%C3%A9_Ember_BrushedElm_48x24_37dpi.png&query=,#3B342C,5.32E-02,5.87E-02,5.98E-02,6.01E-02,6.00E-02,6.00E-02,6.00E-02,6.00E-02,6.06E-02,6.17E-02,6.30E-02,6.35E-02,6.37E-02,6.38E-02,6.39E-02,6.41E-02,6.49E-02,6.67E-02,6.95E-02,7.33E-02,7.59E-02,7.66E-02,7.64E-02,7.61E-02,7.60E-02,7.64E-02,7.65E-02,7.67E-02,7.69E-02,7.72E-02,7.73E-02
DB,uniboard,H54 Skye,https://www.uniboard.com/en/panels/tfl-panels/skye,https://www.uniboard.com/damProxy.php?request=vortek_surfaces_preview&path=/tmp/image-thumbnails/Materials/Uniboard/Packages/Images%20Web/H54_Skye_Skye/image-thumb__36249__uniboard360x360/H54_Skye_Skye_BrushedElm_48x24_37dpi.png&query=,#C7CBBC,,,,,,,,,,,,,,,,,,,,,,,,,,,,,,,
DB,uniboard,H55 Mystic,https://www.uniboard.com/en/panels/tfl-panels/mystic,https://www.uniboard.com/damProxy.php?request=vortek_surfaces_preview&path=/tmp/image-thumbnails/Materials/Uniboard/Packages/Images%20Web/H55_Mystique_Mystic/image-thumb__36253__uniboard360x360/H55_Mystique_Mystic_BrushedElm_48x24_37dpi.png&query=,#73634F,,,,,,,,,,,,,,,,,,,,,,,,,,,,,,,
DB,uniboard,H56 Chill,https://www.uniboard.com/en/panels/tfl-panels/chill,https://www.uniboard.com/damProxy.php?request=vortek_surfaces_preview&path=/tmp/image-thumbnails/Materials/Uniboard/Packages/Images%20Web/H56_Frisquet_Chill/image-thumb__36257__uniboard360x360/H56_Frisquet_Chill_Aura_48x24_37dpi.png&query=,#DADACE,4.88E-01,5.64E-01,6.04E-01,6.23E-01,6.35E-01,6.45E-01,6.54E-01,6.61E-01,6.70E-01,6.83E-01,6.95E-01,7.02E-01,7.05E-01,7.06E-01,7.06E-01,7.04E-01,7.07E-01,7.14E-01,7.20E-01,7.23E-01,7.22E-01,7.21E-01,7.21E-01,7.20E-01,7.17E-01,7.18E-01,7.17E-01,7.16E-01,7.15E-01,7.14E-01,7.14E-01
DB,uniboard,H57 Haze,https://www.uniboard.com/en/panels/tfl-panels/haze,https://www.uniboard.com/damProxy.php?request=vortek_surfaces_preview&path=/tmp/image-thumbnails/Materials/Uniboard/Packages/Images%20Web/H57_Brume_Haze/image-thumb__36262__uniboard360x360/H57_Brume_Haze_Aura_48x24_37dpi.png&query=,#7B7A6D,2.17E-01,2.26E-01,2.15E-01,2.07E-01,2.01E-01,2.00E-01,2.04E-01,2.13E-01,2.28E-01,2.50E-01,2.66E-01,2.65E-01,2.59E-01,2.52E-01,2.46E-01,2.40E-01,2.37E-01,2.40E-01,2.51E-01,2.69E-01,2.83E-01,2.88E-01,2.89E-01,2.89E-01,2.89E-01,2.93E-01,2.95E-01,2.98E-01,3.02E-01,3.05E-01,3.08E-01
DB,uniboard,H58 Storm,https://www.uniboard.com/en/panels/tfl-panels/storm,https://www.uniboard.com/damProxy.php?request=vortek_surfaces_preview&path=/tmp/image-thumbnails/Materials/Uniboard/Packages/Images%20Web/H58_Temp%C3%AAte_Storm/image-thumb__36266__uniboard360x360/H58_Temp%C3%AAte_Storm_Aura_48x24_37dpi.png&query=,#373731,4.76E-02,5.35E-02,5.57E-02,5.70E-02,5.79E-02,5.87E-02,5.96E-02,6.05E-02,6.19E-02,6.39E-02,6.52E-02,6.51E-02,6.45E-02,6.40E-02,6.35E-02,6.31E-02,6.35E-02,6.47E-02,6.63E-02,6.83E-02,6.94E-02,6.98E-02,6.98E-02,6.97E-02,6.96E-02,7.00E-02,7.01E-02,7.02E-02,7.03E-02,7.05E-02,7.06E-02
DB,uniboard,H59 Twilight,https://www.uniboard.com/en/panels/tfl-panels/twilight,https://www.uniboard.com/damProxy.php?request=vortek_surfaces_preview&path=/tmp/image-thumbnails/Materials/Uniboard/Packages/Images%20Web/H59_Cr%C3%A9puscule_Twilight/image-thumb__36271__uniboard360x360/H59_Cr%C3%A9puscule_Twilight_Aura_48x24_37dpi.png&query=,#4A4238,6.16E-02,6.77E-02,6.86E-02,6.90E-02,6.90E-02,6.96E-02,7.09E-02,7.28E-02,7.60E-02,8.07E-02,8.41E-02,8.41E-02,8.29E-02,8.14E-02,8.00E-02,7.87E-02,7.87E-02,8.10E-02,8.58E-02,9.34E-02,9.90E-02,1.01E-01,1.01E-01,1.00E-01,1.00E-01,1.00E-01,1.01E-01,1.01E-01,1.01E-01,1.01E-01,1.01E-01
DB,uniboard,H65 Canyon,https://www.uniboard.com/en/panels/tfl-panels/canyon,https://www.uniboard.com/damProxy.php?request=vortek_surfaces_preview&path=/tmp/image-thumbnails/Materials/Uniboard/Packages/Images%20Web/H65_Canyon_Canyon/image-thumb__36297__uniboard360x360/H65_Canyon_Canyon_Rio_48x24_37dpi.png&query=,#4F4439,5.73E-02,6.48E-02,6.73E-02,6.84E-02,6.88E-02,6.92E-02,6.96E-02,6.99E-02,7.10E-02,7.36E-02,7.78E-02,8.25E-02,8.59E-02,8.80E-02,8.89E-02,8.93E-02,9.05E-02,9.32E-02,9.73E-02,1.03E-01,1.08E-01,1.10E-01,1.11E-01,1.11E-01,1.11E-01,1.12E-01,1.12E-01,1.12E-01,1.12E-01,1.12E-01,1.12E-01
DB,uniboard,H66 Vintage,https://www.uniboard.com/en/panels/tfl-panels/vintage,https://www.uniboard.com/damProxy.php?request=vortek_surfaces_preview&path=/tmp/image-thumbnails/Materials/Uniboard/Packages/Images%20Web/H66_Vintage_Vintage/image-thumb__36301__uniboard360x360/H66_Vintage_Vintage_Rio_48x24_37dpi.png&query=,#48443E,7.11E-02,7.95E-02,8.23E-02,8.33E-02,8.35E-02,8.36E-02,8.35E-02,8.31E-02,8.31E-02,8.37E-02,8.50E-02,8.62E-02,8.69E-02,8.72E-02,8.73E-02,8.72E-02,8.75E-02,8.86E-02,9.05E-02,9.31E-02,9.47E-02,9.52E-02,9.53E-02,9.52E-02,9.51E-02,9.56E-02,9.57E-02,9.57E-02,9.55E-02,9.55E-02,9.53E-02
DB,uniboard,H67 Kindle,https://www.uniboard.com/en/panels/tfl-panels/kindle,https://www.uniboard.com/damProxy.php?request=vortek_surfaces_preview&path=/tmp/image-thumbnails/Materials/Uniboard/Packages/Images%20Web/H67_Feu_Kindle/image-thumb__36306__uniboard360x360/H67_Feu_Kindle_Aura_48x24_37dpi.png&query=,#6F5137,7.37E-02,7.78E-02,7.37E-02,7.13E-02,6.98E-02,7.06E-02,7.46E-02,8.13E-02,9.22E-02,1.08E-01,1.20E-01,1.23E-01,1.22E-01,1.19E-01,1.16E-01,1.13E-01,1.14E-01,1.22E-01,1.39E-01,1.67E-01,1.89E-01,1.98E-01,1.99E-01,1.99E-01,1.98E-01,2.00E-01,2.01E-01,2.02E-01,2.04E-01,2.05E-01,2.07E-01
DB,uniboard,H68 Kohl,https://www.uniboard.com/en/panels/tfl-panels/kohl,https://www.uniboard.com/damProxy.php?request=vortek_surfaces_preview&path=/tmp/image-thumbnails/Materials/Uniboard/Packages/Images%20Web/H68_Kh%C3%B4l_Kohl/image-thumb__36310__uniboard360x360/H68_Kh%C3%B4l_Kohl_Supermat_48x24_37dpi.png&query=,#3B3D3F,1.01E-01,1.12E-01,1.15E-01,1.16E-01,1.16E-01,1.16E-01,1.15E-01,1.14E-01,1.13E-01,1.12E-01,1.11E-01,1.09E-01,1.08E-01,1.06E-01,1.05E-01,1.04E-01,1.02E-01,1.01E-01,1.01E-01,9.97E-02,9.82E-02,9.64E-02,9.48E-02,9.37E-02,9.28E-02,9.22E-02,9.12E-02,9.00E-02,8.87E-02,8.76E-02,8.66E-02
DB,uniboard,H69 Carbon,https://www.uniboard.com/en/panels/tfl-panels/carbon,https://www.uniboard.com/damProxy.php?request=vortek_surfaces_preview&path=/tmp/image-thumbnails/Materials/Uniboard/Packages/Images%20Web/H69_Carbone_Carbon/image-thumb__36314__uniboard360x360/H69_Carbone_Carbon_Supermat_48x24_37dpi.png&query=,#545557,1.95E-01,2.09E-01,2.07E-01,2.04E-01,2.01E-01,1.98E-01,1.98E-01,1.98E-01,2.00E-01,2.03E-01,2.06E-01,2.04E-01,2.00E-01,1.97E-01,1.95E-01,1.92E-01,1.90E-01,1.90E-01,1.93E-01,1.99E-01,2.03E-01,2.02E-01,1.99E-01,1.97E-01,1.95E-01,1.95E-01,1.93E-01,1.91E-01,1.89E-01,1.88E-01,1.87E-01
DB,uniboard,H70 Driftwood,https://www.uniboard.com/en/panels/tfl-panels/driftwood,https://www.uniboard.com/damProxy.php?request=vortek_surfaces_preview&path=/tmp/image-thumbnails/Materials/Uniboard/Packages/Images%20Web/H70_D%C3%A9rive_Driftwood/image-thumb__36319__uniboard360x360/H70_D%C3%A9rive_Driftwood_BrushedElm_48x24_37dpi.png&query=,#9D977B,,,,,,,,,,,,,,,,,,,,,,,,,,,,,,,
DB,uniboard,H72 Ginger Root,https://www.uniboard.com/en/panels/tfl-panels/ginger-root,https://www.uniboard.com/damProxy.php?request=vortek_surfaces_preview&path=/tmp/image-thumbnails/Materials/Uniboard/Packages/Images%20Web/H72_Gingembre_Ginger%20Root/image-thumb__36327__uniboard360x360/H72_Gingembre_Ginger%20Root_Aura_48x24_37dpi.png&query=,#A88D63,1.72E-01,1.75E-01,1.60E-01,1.51E-01,1.45E-01,1.44E-01,1.50E-01,1.63E-01,1.84E-01,2.13E-01,2.36E-01,2.43E-01,2.43E-01,2.41E-01,2.38E-01,2.37E-01,2.43E-01,2.58E-01,2.82E-01,3.17E-01,3.43E-01,3.53E-01,3.53E-01,3.52E-01,3.51E-01,3.52E-01,3.52E-01,3.53E-01,3.54E-01,3.55E-01,3.56E-01
DB,uniboard,H73 Cocoa Bean,https://www.uniboard.com/en/panels/tfl-panels/cocoa-bean,https://www.uniboard.com/damProxy.php?request=vortek_surfaces_preview&path=/tmp/image-thumbnails/Materials/Uniboard/Packages/Images%20Web/H73_Graine%20de%20Cacao_Cocoa%20Bean/image-thumb__36332__uniboard360x360/H73_Graine%20de%20Cacao_Cocoa%20Bean_Aura_48x24_37dpi.png&query=,#5D503F,8.37E-02,8.97E-02,8.79E-02,8.68E-02,8.59E-02,8.64E-02,8.87E-02,9.25E-02,9.89E-02,1.08E-01,1.14E-01,1.15E-01,1.14E-01,1.13E-01,1.13E-01,1.12E-01,1.15E-01,1.21E-01,1.29E-01,1.42E-01,1.51E-01,1.55E-01,1.55E-01,1.54E-01,1.54E-01,1.54E-01,1.54E-01,1.54E-01,1.55E-01,1.55E-01,1.55E-01
DB,uniboard,H74 Blackwood,https://www.uniboard.com/en/panels/tfl-panels/blackwood,https://www.uniboard.com/damProxy.php?request=vortek_surfaces_preview&path=/tmp/image-thumbnails/Materials/Uniboard/Packages/Images%20Web/H74_Bois%20Noir_Blackwood/image-thumb__36336__uniboard360x360/H74_Bois%20Noir_Blackwood_Aura_48x24_37dpi.png&query=,#585240,1.06E-01,1.12E-01,1.09E-01,1.07E-01,1.05E-01,1.05E-01,1.07E-01,1.10E-01,1.17E-01,1.26E-01,1.32E-01,1.32E-01,1.31E-01,1.30E-01,1.29E-01,1.29E-01,1.30E-01,1.35E-01,1.41E-01,1.48E-01,1.53E-01,1.55E-01,1.55E-01,1.54E-01,1.54E-01,1.55E-01,1.55E-01,1.55E-01,1.55E-01,1.55E-01,1.55E-01
DB,uniboard,H75 Tundra,https://www.uniboard.com/en/panels/tfl-panels/tundra,https://www.uniboard.com/damProxy.php?request=vortek_surfaces_preview&path=/tmp/image-thumbnails/Materials/Uniboard/Packages/Images%20Web/H75_Tundra_Tundra/image-thumb__36341__uniboard360x360/H75_Tundra_Tundra_Aura_48x24_37dpi.png&query=,#DADCD7,4.60E-01,5.24E-01,5.52E-01,5.64E-01,5.72E-01,5.80E-01,5.89E-01,5.97E-01,6.10E-01,6.28E-01,6.43E-01,6.47E-01,6.47E-01,6.44E-01,6.41E-01,6.36E-01,6.35E-01,6.40E-01,6.48E-01,6.57E-01,6.61E-01,6.61E-01,6.62E-01,6.61E-01,6.59E-01,6.61E-01,6.60E-01,6.60E-01,6.61E-01,6.61E-01,6.62E-01
DB,uniboard,H76 Memento,https://www.uniboard.com/en/panels/tfl-panels/memento,https://www.uniboard.com/damProxy.php?request=vortek_surfaces_preview&path=/tmp/image-thumbnails/Materials/Uniboard/Packages/Images%20Web/H76_Memento_Memento/image-thumb__36345__uniboard360x360/H76_Memento_Memento_Rio_48x24_37dpi.png&query=,#CACCC6,4.73E-01,5.28E-01,5.45E-01,5.50E-01,5.51E-01,5.54E-01,5.59E-01,5.64E-01,5.74E-01,5.89E-01,6.00E-01,6.03E-01,6.01E-01,5.98E-01,5.96E-01,5.92E-01,5.92E-01,5.97E-01,6.05E-01,6.13E-01,6.16E-01,6.16E-01,6.15E-01,6.13E-01,6.12E-01,6.13E-01,6.12E-01,6.12E-01,6.11E-01,6.11E-01,6.11E-01
DB,uniboard,K01 Nutmeg,https://www.uniboard.com/en/panels/tfl-panels/nutmeg,https://www.uniboard.com/damProxy.php?request=vortek_surfaces_preview&path=/tmp/image-thumbnails/Materials/Uniboard/Packages/Images%20Web/K01_Muscade_Nutmeg/image-thumb__36350__uniboard360x360/K01_Muscade_Nutmeg_Aura_48x24_37dpi.png&query=,#8A7354,,,,,,,,,,,,,,,,,,,,,,,,,,,,,,,
DB,uniboard,K02 Sesame,https://www.uniboard.com/en/panels/tfl-panels/sesame,https://www.uniboard.com/damProxy.php?request=vortek_surfaces_preview&path=/tmp/image-thumbnails/Materials/Uniboard/Packages/Images%20Web/K02_S%C3%A9same_Sesame/image-thumb__36354__uniboard360x360/K02_S%C3%A9same_Sesame_Aura_48x24_37dpi.png&query=,#A19477,2.38E-01,2.53E-01,2.47E-01,2.42E-01,2.38E-01,2.38E-01,2.43E-01,2.52E-01,2.67E-01,2.88E-01,3.05E-01,3.09E-01,3.08E-01,3.06E-01,3.04E-01,3.02E-01,3.04E-01,3.13E-01,3.27E-01,3.45E-01,3.58E-01,3.62E-01,3.62E-01,3.60E-01,3.59E-01,3.60E-01,3.59E-01,3.59E-01,3.60E-01,3.60E-01,3.60E-01
DB,uniboard,K04 Smokewood,https://www.uniboard.com/en/panels/tfl-panels/smokewood,https://www.uniboard.com/damProxy.php?request=vortek_surfaces_preview&path=/tmp/image-thumbnails/Materials/Uniboard/Packages/Images%20Web/K04_Bois%20Fum%C3%A9_SmokeWood/image-thumb__41782__uniboard360x360/K04_Bois%20Fum%C3%A9_SmokeWood_Rio_48x24_37dpi.png&query=,#5F4A36,5.14E-02,6.01E-02,6.40E-02,6.63E-02,6.80E-02,6.99E-02,7.19E-02,7.44E-02,7.81E-02,8.37E-02,8.93E-02,9.35E-02,9.71E-02,1.00E-01,1.03E-01,1.06E-01,1.12E-01,1.21E-01,1.30E-01,1.41E-01,1.48E-01,1.51E-01,1.51E-01,1.51E-01,1.50E-01,1.51E-01,1.51E-01,1.52E-01,1.53E-01,1.54E-01,1.55E-01
DB,uniboard,K05 Barnwood,https://www.uniboard.com/en/panels/tfl-panels/barnwood,https://www.uniboard.com/damProxy.php?request=vortek_surfaces_preview&path=/tmp/image-thumbnails/Materials/Uniboard/Packages/Images%20Web/K05_Bois%20de%20Grange_BarnWood/image-thumb__41785__uniboard360x360/K05_Bois%20de%20Grange_BarnWood_Rio_48x24_37dpi.png&query=,#4E4F48,1.02E-01,1.12E-01,1.13E-01,1.13E-01,1.13E-01,1.14E-01,1.16E-01,1.19E-01,1.24E-01,1.31E-01,1.36E-01,1.37E-01,1.36E-01,1.35E-01,1.34E-01,1.33E-01,1.33E-01,1.36E-01,1.39E-01,1.42E-01,1.44E-01,1.44E-01,1.44E-01,1.44E-01,1.43E-01,1.44E-01,1.44E-01,1.44E-01,1.44E-01,1.44E-01,1.44E-01
DB,uniboard,K06 Silverwood,https://www.uniboard.com/en/panels/tfl-panels/silverwood,https://www.uniboard.com/damProxy.php?request=vortek_surfaces_preview&path=/tmp/image-thumbnails/Materials/Uniboard/Packages/Images%20Web/K06_Bois%20Argent%C3%A9_SilverWood/image-thumb__41788__uniboard360x360/K06_Bois%20Argent%C3%A9_SilverWood_Rio_48x24_37dpi.png&query=,#938773,2.29E-01,2.38E-01,2.25E-01,2.16E-01,2.08E-01,2.05E-01,2.06E-01,2.12E-01,2.23E-01,2.41E-01,2.55E-01,2.58E-01,2.58E-01,2.56E-01,2.54E-01,2.53E-01,2.55E-01,2.62E-01,2.73E-01,2.89E-01,2.99E-01,3.03E-01,3.02E-01,3.01E-01,3.01E-01,3.02E-01,3.03E-01,3.04E-01,3.04E-01,3.05E-01,3.05E-01
DB,uniboard,K07 Dew Drop,https://www.uniboard.com/en/panels/tfl-panels/dew-drop,https://www.uniboard.com/damProxy.php?request=vortek_surfaces_preview&path=/tmp/image-thumbnails/Materials/Uniboard/Packages/Images%20Web/K07_Perle%20de%20Ros%C3%A9e_Dew%20Drop/image-thumb__36376__uniboard360x360/K07_Perle%20de%20Ros%C3%A9e_Dew%20Drop_Aura_48x24_37dpi.png&query=,#B2A489,3.18E-01,3.35E-01,3.22E-01,3.13E-01,3.07E-01,3.06E-01,3.13E-01,3.26E-01,3.48E-01,3.78E-01,3.99E-01,4.01E-01,3.98E-01,3.94E-01,3.91E-01,3.91E-01,3.98E-01,4.13E-01,4.33E-01,4.60E-01,4.79E-01,4.85E-01,4.85E-01,4.83E-01,4.81E-01,4.82E-01,4.81E-01,4.80E-01,4.81E-01,4.82E-01,4.83E-01
DB,uniboard,K08 Luna,https://www.uniboard.com/en/panels/tfl-panels/luna,https://www.uniboard.com/damProxy.php?request=vortek_surfaces_preview&path=/tmp/image-thumbnails/Materials/Uniboard/Packages/Images%20Web/K08_Luna_Luna/image-thumb__36380__uniboard360x360/K08_Luna_Luna_Supermat_48x24_37dpi.png&query=,#726F66,,,,,,,,,,,,,,,,,,,,,,,,,,,,,,,
DB,uniboard,K13 Nizza,https://www.uniboard.com/en/panels/tfl-panels/nizza,https://www.uniboard.com/damProxy.php?request=vortek_surfaces_preview&path=/tmp/image-thumbnails/Materials/Uniboard/Packages/Images%20Web/K13_Nizza_Nizza/image-thumb__36401__uniboard360x360/K13_Nizza_Nizza_RivieraOak_48x24_37dpi.png&query=,#C5C6A8,3.62E-01,3.96E-01,4.00E-01,3.99E-01,3.97E-01,3.98E-01,4.04E-01,4.12E-01,4.27E-01,4.47E-01,4.62E-01,4.65E-01,4.63E-01,4.59E-01,4.57E-01,4.54E-01,4.56E-01,4.64E-01,4.75E-01,4.88E-01,4.96E-01,4.97E-01,4.97E-01,4.96E-01,4.94E-01,4.96E-01,4.95E-01,4.95E-01,4.95E-01,4.95E-01,4.95E-01
DB,uniboard,K14 Mistral,https://www.uniboard.com/en/panels/tfl-panels/mistral,https://www.uniboard.com/damProxy.php?request=vortek_surfaces_preview&path=/tmp/image-thumbnails/Materials/Uniboard/Packages/Images%20Web/K14_Mistral_Mistral/image-thumb__36405__uniboard360x360/K14_Mistral_Mistral_RivieraOak_48x24_37dpi.png&query=,#B2A378,2.61E-01,2.67E-01,2.47E-01,2.35E-01,2.27E-01,2.27E-01,2.36E-01,2.54E-01,2.83E-01,3.21E-01,3.48E-01,3.51E-01,3.48E-01,3.44E-01,3.41E-01,3.40E-01,3.47E-01,3.62E-01,3.82E-01,4.08E-01,4.27E-01,4.34E-01,4.34E-01,4.32E-01,4.30E-01,4.31E-01,4.30E-01,4.30E-01,4.31E-01,4.32E-01,4.33E-01
DB,uniboard,K15 Cannes,https://www.uniboard.com/en/panels/tfl-panels/cannes,https://www.uniboard.com/damProxy.php?request=vortek_surfaces_preview&path=/tmp/image-thumbnails/Materials/Uniboard/Packages/Images%20Web/K15_Cannes_Cannes/image-thumb__36410__uniboard360x360/K15_Cannes_Cannes_RivieraOak_48x24_37dpi.png&query=,#A18655,1.49E-01,1.53E-01,1.40E-01,1.32E-01,1.27E-01,1.28E-01,1.34E-01,1.46E-01,1.66E-01,1.94E-01,2.15E-01,2.21E-01,2.21E-01,2.19E-01,2.18E-01,2.17E-01,2.24E-01,2.38E-01,2.60E-01,2.94E-01,3.19E-01,3.28E-01,3.29E-01,3.28E-01,3.26E-01,3.27E-01,3.27E-01,3.28E-01,3.29E-01,3.30E-01,3.32E-01
DB,uniboard,K16 Esterel,https://www.uniboard.com/en/panels/tfl-panels/esterel,https://www.uniboard.com/damProxy.php?request=vortek_surfaces_preview&path=/tmp/image-thumbnails/Materials/Uniboard/Packages/Images%20Web/K16_Est%C3%A9rel_Esterel/image-thumb__36414__uniboard360x360/K16_Est%C3%A9rel_Esterel_RivieraOak_48x24_37dpi.png&query=,#826F54,1.52E-01,1.59E-01,1.50E-01,1.44E-01,1.41E-01,1.41E-01,1.45E-01,1.54E-01,1.68E-01,1.88E-01,2.03E-01,2.07E-01,2.06E-01,2.05E-01,2.04E-01,2.04E-01,2.09E-01,2.19E-01,2.34E-01,2.55E-01,2.71E-01,2.77E-01,2.77E-01,2.76E-01,2.75E-01,2.76E-01,2.75E-01,2.75E-01,2.76E-01,2.77E-01,2.78E-01
DB,uniboard,K17 Cassis,https://www.uniboard.com/en/panels/tfl-panels/cassis,https://www.uniboard.com/damProxy.php?request=vortek_surfaces_preview&path=/tmp/image-thumbnails/Materials/Uniboard/Packages/Images%20Web/K17_Cassis_Cassis/image-thumb__36419__uniboard360x360/K17_Cassis_Cassis_RivieraOak_48x24_37dpi.png&query=,#5A5548,1.30E-01,1.40E-01,1.40E-01,1.39E-01,1.38E-01,1.38E-01,1.40E-01,1.44E-01,1.50E-01,1.59E-01,1.65E-01,1.66E-01,1.65E-01,1.63E-01,1.62E-01,1.62E-01,1.63E-01,1.68E-01,1.73E-01,1.80E-01,1.84E-01,1.85E-01,1.86E-01,1.85E-01,1.85E-01,1.86E-01,1.86E-01,1.86E-01,1.87E-01,1.87E-01,1.87E-01
DB,uniboard,K18 Monaco,https://www.uniboard.com/en/panels/tfl-panels/monaco,https://www.uniboard.com/damProxy.php?request=vortek_surfaces_preview&path=/tmp/image-thumbnails/Materials/Uniboard/Packages/Images%20Web/K18_Monaco_Monaco/image-thumb__36423__uniboard360x360/K18_Monaco_Monaco_RivieraOak_48x24_37dpi.png&query=,#584E3F,8.94E-02,9.47E-02,9.16E-02,8.96E-02,8.81E-02,8.81E-02,9.02E-02,9.39E-02,1.00E-01,1.09E-01,1.15E-01,1.16E-01,1.15E-01,1.13E-01,1.12E-01,1.12E-01,1.14E-01,1.19E-01,1.27E-01,1.38E-01,1.46E-01,1.49E-01,1.49E-01,1.49E-01,1.48E-01,1.49E-01,1.49E-01,1.49E-01,1.49E-01,1.50E-01,1.50E-01
DB,uniboard,K19 Chino,https://www.uniboard.com/en/panels/tfl-panels/chino,https://www.uniboard.com/damProxy.php?request=vortek_surfaces_preview&path=/tmp/image-thumbnails/Materials/Uniboard/Packages/Images%20Web/K19_Chino_Chino/image-thumb__36427__uniboard360x360/K19_Chino_Chino_Calico_48x24_37dpi.png&query=,#4C4F4B,,,,,,,,,,,,,,,,,,,,,,,,,,,,,,,
DB,uniboard,K20 Frequency,https://www.uniboard.com/en/panels/tfl-panels/frequency,https://www.uniboard.com/damProxy.php?request=vortek_surfaces_preview&path=/tmp/image-thumbnails/Materials/Uniboard/Packages/Images%20Web/K20_Fr%C3%A9quence_Frequency/image-thumb__36432__uniboard360x360/K20_Fr%C3%A9quence_Frequency_Calico_48x24_37dpi.png&query=,#9D9D93,,,,,,,,,,,,,,,,,,,,,,,,,,,,,,,
DB,uniboard,K21 Canvas,https://www.uniboard.com/en/panels/tfl-panels/canvas,https://www.uniboard.com/damProxy.php?request=vortek_surfaces_preview&path=/tmp/image-thumbnails/Materials/Uniboard/Packages/Images%20Web/K21_Canvas_Canvas/image-thumb__36436__uniboard360x360/K21_Canvas_Canvas_Calico_48x24_37dpi.png&query=,#DEE3DC,,,,,,,,,,,,,,,,,,,,,,,,,,,,,,,
DB,uniboard,K22 Reflexion,https://www.uniboard.com/en/panels/tfl-panels/reflexion,https://www.uniboard.com/damProxy.php?request=vortek_surfaces_preview&path=/tmp/image-thumbnails/Materials/Uniboard/Packages/Images%20Web/K22_R%C3%A9flexion_Reflexion/image-thumb__36441__uniboard360x360/K22_R%C3%A9flexion_Reflexion_Sequoia_48x24_37dpi.png&query=,#555147,1.16E-01,1.21E-01,1.15E-01,1.11E-01,1.07E-01,1.05E-01,1.05E-01,1.06E-01,1.10E-01,1.16E-01,1.21E-01,1.20E-01,1.19E-01,1.18E-01,1.17E-01,1.17E-01,1.18E-01,1.22E-01,1.27E-01,1.35E-01,1.40E-01,1.42E-01,1.42E-01,1.41E-01,1.41E-01,1.41E-01,1.41E-01,1.41E-01,1.41E-01,1.42E-01,1.42E-01
DB,uniboard,K23 Shanshu,https://www.uniboard.com/en/panels/tfl-panels/shanshu,https://www.uniboard.com/damProxy.php?request=vortek_surfaces_preview&path=/tmp/image-thumbnails/Materials/Uniboard/Packages/Images%20Web/K23_Shanshu_Shanshu/image-thumb__36445__uniboard360x360/K23_Shanshu_Shanshu_Sequoia_48x24_37dpi.png&query=,#77654C,1.33E-01,1.36E-01,1.25E-01,1.17E-01,1.12E-01,1.10E-01,1.12E-01,1.19E-01,1.31E-01,1.48E-01,1.62E-01,1.64E-01,1.62E-01,1.59E-01,1.56E-01,1.55E-01,1.57E-01,1.65E-01,1.80E-01,2.04E-01,2.21E-01,2.26E-01,2.26E-01,2.24E-01,2.24E-01,2.25E-01,2.26E-01,2.26E-01,2.27E-01,2.27E-01,2.27E-01
DB,uniboard,K24 Dalia,https://www.uniboard.com/en/panels/tfl-panels/dalia,https://www.uniboard.com/damProxy.php?request=vortek_surfaces_preview&path=/tmp/image-thumbnails/Materials/Uniboard/Packages/Images%20Web/K24_Dalia_Dalia/image-thumb__36449__uniboard360x360/K24_Dalia_Dalia_Sequoia_48x24_37dpi.png&query=,#756145,9.90E-02,1.05E-01,1.01E-01,9.77E-02,9.54E-02,9.52E-02,9.76E-02,1.02E-01,1.11E-01,1.23E-01,1.32E-01,1.35E-01,1.34E-01,1.32E-01,1.30E-01,1.28E-01,1.29E-01,1.34E-01,1.46E-01,1.66E-01,1.82E-01,1.87E-01,1.87E-01,1.87E-01,1.86E-01,1.87E-01,1.88E-01,1.89E-01,1.90E-01,1.91E-01,1.91E-01
DB,uniboard,K25 Mimosa,https://www.uniboard.com/en/panels/tfl-panels/mimosa,https://www.uniboard.com/damProxy.php?request=vortek_surfaces_preview&path=/tmp/image-thumbnails/Materials/Uniboard/Packages/Images%20Web/K25_Mimosa_Mimosa/image-thumb__36454__uniboard360x360/K25_Mimosa_Mimosa_Sequoia_48x24_37dpi.png&query=,#BAAA91,2.13E-01,2.43E-01,2.53E-01,2.57E-01,2.60E-01,2.65E-01,2.73E-01,2.82E-01,2.97E-01,3.19E-01,3.40E-01,3.53E-01,3.60E-01,3.62E-01,3.62E-01,3.61E-01,3.66E-01,3.79E-01,3.99E-01,4.31E-01,4.54E-01,4.61E-01,4.62E-01,4.60E-01,4.58E-01,4.59E-01,4.60E-01,4.61E-01,4.62E-01,4.63E-01,4.64E-01
DB,uniboard,K29 Nickel,https://www.uniboard.com/en/panels/tfl-panels/nickel,https://www.uniboard.com/damProxy.php?request=vortek_surfaces_preview&path=/tmp/image-thumbnails/Materials/Uniboard/Packages/Images%20Web/K29_Nickel_Nickel/image-thumb__36458__uniboard360x360/K29_Nickel_Nickel_Dolomite_48x24_37dpi.png&query=,#82847F,2.56E-01,2.74E-01,2.70E-01,2.65E-01,2.59E-01,2.57E-01,2.57E-01,2.60E-01,2.67E-01,2.78E-01,2.86E-01,2.84E-01,2.79E-01,2.73E-01,2.68E-01,2.63E-01,2.60E-01,2.62E-01,2.68E-01,2.77E-01,2.82E-01,2.82E-01,2.79E-01,2.77E-01,2.76E-01,2.77E-01,2.77E-01,2.77E-01,2.76E-01,2.75E-01,2.74E-01
DB,uniboard,K30 Spectra,https://www.uniboard.com/en/panels/tfl-panels/spectra,https://www.uniboard.com/damProxy.php?request=vortek_surfaces_preview&path=/tmp/image-thumbnails/Materials/Uniboard/Packages/Images%20Web/K30_Spectra_Spectra/image-thumb__36462__uniboard360x360/K30_Spectra_Spectra_Dolomite_48x24_37dpi.png&query=,#A09988,,,,,,,,,,,,,,,,,,,,,,,,,,,,,,,
DB,uniboard,K31 Odeon,https://www.uniboard.com/en/panels/tfl-panels/odeon,https://www.uniboard.com/damProxy.php?request=vortek_surfaces_preview&path=/tmp/image-thumbnails/Materials/Uniboard/Packages/Images%20Web/K31_Od%C3%A9on_Odeon/image-thumb__36466__uniboard360x360/K31_Od%C3%A9on_Odeon_Dolomite_48x24_37dpi.png&query=,#A39979,,,,,,,,,,,,,,,,,,,,,,,,,,,,,,,
DB,uniboard,K32 Equinox,https://www.uniboard.com/en/panels/tfl-panels/equinox,https://www.uniboard.com/damProxy.php?request=vortek_surfaces_preview&path=/tmp/image-thumbnails/Materials/Uniboard/Packages/Images%20Web/K32_%C3%89quinoxe_Equinox/image-thumb__36471__uniboard360x360/K32_%C3%89quinoxe_Equinox_Dolomite_48x24_37dpi.png&query=,#927650,,,,,,,,,,,,,,,,,,,,,,,,,,,,,,,
DB,uniboard,K33 Dorato grey,https://www.uniboard.com/en/panels/tfl-panels/dorato-grey,https://www.uniboard.com/damProxy.php?request=vortek_surfaces_preview&path=/tmp/image-thumbnails/Materials/Uniboard/Packages/Images%20Web/K33_Dorato%20Gris_Dorato%20Grey/image-thumb__41791__uniboard360x360/K33_Dorato%20Gris_Dorato%20Grey_Rio_48x24_37dpi.png&query=,#817A69,2.35E-01,2.42E-01,2.26E-01,2.16E-01,2.08E-01,2.05E-01,2.08E-01,2.16E-01,2.32E-01,2.53E-01,2.68E-01,2.69E-01,2.66E-01,2.62E-01,2.60E-01,2.59E-01,2.62E-01,2.70E-01,2.81E-01,2.96E-01,3.07E-01,3.10E-01,3.10E-01,3.09E-01,3.09E-01,3.10E-01,3.10E-01,3.11E-01,3.11E-01,3.12E-01,3.13E-01
DB,uniboard,K34 Dorato natural,https://www.uniboard.com/en/panels/tfl-panels/dorato-natural,https://www.uniboard.com/damProxy.php?request=vortek_surfaces_preview&path=/tmp/image-thumbnails/Materials/Uniboard/Packages/Images%20Web/K34_Dorato%20Naturel_Dorato%20Natural/image-thumb__41794__uniboard360x360/K34_Dorato%20Naturel_Dorato%20Natural_Rio_48x24_37dpi.png&query=,#B29D83,2.96E-01,3.05E-01,2.83E-01,2.70E-01,2.61E-01,2.60E-01,2.69E-01,2.87E-01,3.17E-01,3.57E-01,3.86E-01,3.90E-01,3.88E-01,3.83E-01,3.80E-01,3.79E-01,3.86E-01,4.05E-01,4.30E-01,4.65E-01,4.91E-01,4.99E-01,4.99E-01,4.97E-01,4.94E-01,4.95E-01,4.94E-01,4.94E-01,4.94E-01,4.96E-01,4.97E-01
DB,uniboard,K36 Soho,https://www.uniboard.com/en/panels/tfl-panels/soho,https://www.uniboard.com/damProxy.php?request=vortek_surfaces_preview&path=/tmp/image-thumbnails/Materials/Uniboard/Packages/Images%20Web/K36_Soho_Soho/image-thumb__36488__uniboard360x360/K36_Soho_Soho_Sequoia_48x24_37dpi.png&query=,#AEAFA7,3.55E-01,3.97E-01,4.11E-01,4.16E-01,4.17E-01,4.19E-01,4.22E-01,4.25E-01,4.31E-01,4.41E-01,4.49E-01,4.51E-01,4.51E-01,4.49E-01,4.48E-01,4.47E-01,4.48E-01,4.53E-01,4.60E-01,4.67E-01,4.70E-01,4.70E-01,4.70E-01,4.70E-01,4.69E-01,4.71E-01,4.71E-01,4.71E-01,4.71E-01,4.71E-01,4.71E-01
DB,uniboard,K37 Endgrain,https://www.uniboard.com/en/panels/tfl-panels/endgrain,https://www.uniboard.com/damProxy.php?request=vortek_surfaces_preview&path=/tmp/image-thumbnails/Materials/Uniboard/Packages/Images%20Web/K37_Endgrain_Endgrain/image-thumb__36492__uniboard360x360/K37_Endgrain_Endgrain_Supermat_48x24_37dpi.png&query=,#A49B84,,,,,,,,,,,,,,,,,,,,,,,,,,,,,,,
DB,uniboard,K38 Riverside,https://www.uniboard.com/en/panels/tfl-panels/riverside,https://www.uniboard.com/damProxy.php?request=vortek_surfaces_preview&path=/tmp/image-thumbnails/Materials/Uniboard/Packages/Images%20Web/K38_Riverain_Riverside/image-thumb__36496__uniboard360x360/K38_Riverain_Riverside_Aura_48x24_37dpi.png&query=,#9A9E87,2.15E-01,2.34E-01,2.35E-01,2.34E-01,2.33E-01,2.34E-01,2.38E-01,2.44E-01,2.54E-01,2.69E-01,2.79E-01,2.80E-01,2.78E-01,2.73E-01,2.69E-01,2.65E-01,2.63E-01,2.66E-01,2.74E-01,2.86E-01,2.95E-01,2.98E-01,2.99E-01,2.98E-01,2.98E-01,2.99E-01,3.00E-01,3.01E-01,3.02E-01,3.03E-01,3.04E-01
DB,uniboard,K39 Nebula,https://www.uniboard.com/en/panels/tfl-panels/nebula,https://www.uniboard.com/damProxy.php?request=vortek_surfaces_preview&path=/tmp/image-thumbnails/Materials/Uniboard/Packages/Images%20Web/K39_N%C3%A9buleuse_Nebula/image-thumb__36501__uniboard360x360/K39_N%C3%A9buleuse_Nebula_Sequoia_48x24_37dpi.png&query=,#222724,7.75E-02,8.59E-02,8.82E-02,8.89E-02,8.89E-02,8.89E-02,8.88E-02,8.87E-02,8.88E-02,8.95E-02,9.00E-02,8.96E-02,8.87E-02,8.78E-02,8.69E-02,8.60E-02,8.51E-02,8.50E-02,8.54E-02,8.59E-02,8.58E-02,8.56E-02,8.55E-02,8.55E-02,8.55E-02,8.60E-02,8.61E-02,8.61E-02,8.60E-02,8.58E-02,8.56E-02
DB,uniboard,K40 Fjord,https://www.uniboard.com/en/panels/tfl-panels/fjord,https://www.uniboard.com/damProxy.php?request=vortek_surfaces_preview&path=/tmp/image-thumbnails/Materials/Uniboard/Packages/Images%20Web/K40_Fjord_Fjord/image-thumb__36506__uniboard360x360/K40_Fjord_Fjord_Supermat_48x24_37dpi.png&query=,#E4E6E0,,,,,,,,,,,,,,,,,,,,,,,,,,,,,,,
DB,uniboard,K41 Lago,https://www.uniboard.com/en/panels/tfl-panels/lago,https://www.uniboard.com/damProxy.php?request=vortek_surfaces_preview&path=/tmp/image-thumbnails/Materials/Uniboard/Packages/Images%20Web/K41_Lago_Lago/image-thumb__36510__uniboard360x360/K41_Lago_Lago_Supermat_48x24_37dpi.png&query=,#E2D6AB,,,,,,,,,,,,,,,,,,,,,,,,,,,,,,,
DB,uniboard,K42 Sway,https://www.uniboard.com/en/panels/tfl-panels/sway,https://www.uniboard.com/damProxy.php?request=vortek_surfaces_preview&path=/tmp/image-thumbnails/Materials/Uniboard/Packages/Images%20Web/K42_Influence_Sway/image-thumb__41800__uniboard360x360/K42_Influence_Sway_Vellum_48x24_37dpi.png&query=,#947150,7.43E-02,8.00E-02,7.73E-02,7.46E-02,7.18E-02,6.99E-02,6.90E-02,6.89E-02,7.09E-02,7.61E-02,8.51E-02,9.47E-02,1.02E-01,1.06E-01,1.08E-01,1.10E-01,1.13E-01,1.19E-01,1.32E-01,1.54E-01,1.72E-01,1.80E-01,1.84E-01,1.85E-01,1.86E-01,1.88E-01,1.89E-01,1.90E-01,1.91E-01,1.91E-01,1.91E-01
DB,uniboard,K43 Summit White,https://www.uniboard.com/en/panels/tfl-panels/summit-white,https://www.uniboard.com/damProxy.php?request=vortek_surfaces_preview&path=/tmp/image-thumbnails/Materials/Uniboard/Packages/Images%20Web/K43_Blanc%20sommet_Summit%20White/image-thumb__41803__uniboard360x360/K43_Blanc%20sommet_Summit%20White_Vellum_48x24_37dpi.png&query=,#EAE7D3,3.57E-01,4.07E-01,4.27E-01,4.36E-01,4.40E-01,4.44E-01,4.49E-01,4.53E-01,4.61E-01,4.74E-01,4.91E-01,5.06E-01,5.17E-01,5.23E-01,5.26E-01,5.25E-01,5.28E-01,5.35E-01,5.46E-01,5.59E-01,5.67E-01,5.70E-01,5.72E-01,5.71E-01,5.70E-01,5.71E-01,5.71E-01,5.70E-01,5.70E-01,5.69E-01,5.69E-01
DB,uniboard,K44 Titan Grey,https://www.uniboard.com/en/panels/tfl-panels/titan-grey,https://www.uniboard.com/damProxy.php?request=vortek_surfaces_preview&path=/tmp/image-thumbnails/Materials/Uniboard/Packages/Images%20Web/K44_Gris%20Titan_Titan%20Grey/image-thumb__41806__uniboard360x360/K44_Gris%20Titan_Titan%20Grey_Vellum_48x24_37dpi.png&query=,#8C887D,1.46E-01,1.62E-01,1.67E-01,1.68E-01,1.68E-01,1.68E-01,1.68E-01,1.68E-01,1.70E-01,1.73E-01,1.77E-01,1.80E-01,1.82E-01,1.83E-01,1.84E-01,1.84E-01,1.85E-01,1.88E-01,1.92E-01,1.97E-01,2.00E-01,2.01E-01,2.02E-01,2.02E-01,2.02E-01,2.03E-01,2.04E-01,2.04E-01,2.05E-01,2.05E-01,2.05E-01
DB,uniboard,K45 Wave Blue,https://www.uniboard.com/en/panels/tfl-panels/wave-blue,https://www.uniboard.com/damProxy.php?request=vortek_surfaces_preview&path=/tmp/image-thumbnails/Materials/Uniboard/Packages/Images%20Web/K45_Vague%20Bleue_Wave%20Blue/image-thumb__36528__uniboard360x360/K45_Vague%20Bleue_Wave%20Blue_Vellum_48x24_37dpi.png&query=,#13274A,6.88E-02,7.57E-02,7.77E-02,7.80E-02,7.73E-02,7.63E-02,7.46E-02,7.24E-02,6.96E-02,6.61E-02,6.18E-02,5.65E-02,5.18E-02,4.83E-02,4.64E-02,4.50E-02,4.33E-02,4.22E-02,4.20E-02,4.17E-02,4.12E-02,4.06E-02,4.02E-02,4.02E-02,4.05E-02,4.14E-02,4.20E-02,4.21E-02,4.18E-02,4.15E-02,4.11E-02
DB,uniboard,K46 Kali,https://www.uniboard.com/en/panels/tfl-panels/kali,https://www.uniboard.com/damProxy.php?request=vortek_surfaces_preview&path=/tmp/image-thumbnails/Materials/Uniboard/Packages/Images%20Web/K46_Kali_Kali/image-thumb__36532__uniboard360x360/K46_Kali_Kali_Lyra_48x24_37dpi.png&query=,#50504A,,,,,,,,,,,,,,,,,,,,,,,,,,,,,,,
DB,uniboard,K47 Asha,https://www.uniboard.com/en/panels/tfl-panels/asha,https://www.uniboard.com/damProxy.php?request=vortek_surfaces_preview&path=/tmp/image-thumbnails/Materials/Uniboard/Packages/Images%20Web/K47_Asha_Asha/image-thumb__36537__uniboard360x360/K47_Asha_Asha_Lyra_48x24_37dpi.png&query=,#463A32,,,,,,,,,,,,,,,,,,,,,,,,,,,,,,,
DB,uniboard,K48 Whiskey,https://www.uniboard.com/en/panels/tfl-panels/whiskey,https://www.uniboard.com/damProxy.php?request=vortek_surfaces_preview&path=/tmp/image-thumbnails/Materials/Uniboard/Packages/Images%20Web/K48_Whisky_Whiskey/image-thumb__36541__uniboard360x360/K48_Whisky_Whiskey_Lyra_48x24_37dpi.png&query=,#574B3D,,,,,,,,,,,,,,,,,,,,,,,,,,,,,,,
DB,uniboard,K60 Chiffon,https://www.uniboard.com/en/panels/tfl-panels/chiffon,https://www.uniboard.com/damProxy.php?request=vortek_surfaces_preview&path=/tmp/image-thumbnails/Materials/Uniboard/Packages/Images%20Web/K60_Mousseline_Chiffon/image-thumb__36550__uniboard360x360/K60_Mousseline_Chiffon_Nobella_48x24_37dpi.png&query=,#8F7F69,1.90E-01,1.98E-01,1.88E-01,1.81E-01,1.77E-01,1.77E-01,1.83E-01,1.93E-01,2.10E-01,2.34E-01,2.50E-01,2.53E-01,2.52E-01,2.49E-01,2.47E-01,2.47E-01,2.52E-01,2.62E-01,2.77E-01,2.96E-01,3.10E-01,3.15E-01,3.16E-01,3.15E-01,3.14E-01,3.15E-01,3.15E-01,3.16E-01,3.17E-01,3.18E-01,3.19E-01
DB,uniboard,K61 Silk,https://www.uniboard.com/en/panels/tfl-panels/silk,https://www.uniboard.com/damProxy.php?request=vortek_surfaces_preview&path=/tmp/image-thumbnails/Materials/Uniboard/Packages/Images%20Web/K61_Soie_Silk/image-thumb__36555__uniboard360x360/K61_Soie_Silk_Nobella_48x24_37dpi.png&query=,#A09486,3.57E-01,3.85E-01,3.82E-01,3.78E-01,3.74E-01,3.75E-01,3.81E-01,3.92E-01,4.11E-01,4.36E-01,4.53E-01,4.55E-01,4.52E-01,4.49E-01,4.47E-01,4.46E-01,4.52E-01,4.64E-01,4.78E-01,4.96E-01,5.08E-01,5.12E-01,5.12E-01,5.10E-01,5.09E-01,5.10E-01,5.09E-01,5.09E-01,5.09E-01,5.10E-01,5.10E-01
DB,uniboard,K62 Feather White,https://www.uniboard.com/en/panels/tfl-panels/feather-white,https://www.uniboard.com/damProxy.php?request=vortek_surfaces_preview&path=/tmp/image-thumbnails/Materials/Uniboard/Packages/Images%20Web/K62_Plume%20Blanche_Feather%20White/image-thumb__36559__uniboard360x360/K62_Plume%20Blanche_Feather%20White_Nobella_48x24_37dpi.png&query=,#C8C5C0,4.89E-01,5.53E-01,5.79E-01,5.89E-01,5.93E-01,5.98E-01,6.02E-01,6.05E-01,6.10E-01,6.19E-01,6.27E-01,6.31E-01,6.31E-01,6.31E-01,6.30E-01,6.28E-01,6.27E-01,6.31E-01,6.36E-01,6.38E-01,6.38E-01,6.36E-01,6.36E-01,6.35E-01,6.34E-01,6.35E-01,6.35E-01,6.34E-01,6.33E-01,6.33E-01,6.33E-01
DB,uniboard,K63 Pietra,https://www.uniboard.com/en/panels/tfl-panels/pietra,https://www.uniboard.com/damProxy.php?request=vortek_surfaces_preview&path=/tmp/image-thumbnails/Materials/Uniboard/Packages/Images%20Web/K63_Pietra_Pietra/image-thumb__36563__uniboard360x360/K63_Pietra_Pietra_Nobella_48x24_37dpi.png&query=,#746E69,2.01E-01,2.20E-01,2.23E-01,2.23E-01,2.22E-01,2.22E-01,2.25E-01,2.28E-01,2.35E-01,2.44E-01,2.51E-01,2.52E-01,2.52E-01,2.51E-01,2.51E-01,2.51E-01,2.54E-01,2.60E-01,2.66E-01,2.73E-01,2.78E-01,2.79E-01,2.79E-01,2.78E-01,2.78E-01,2.79E-01,2.78E-01,2.79E-01,2.79E-01,2.79E-01,2.80E-01
DB,uniboard,K64 Ombre,https://www.uniboard.com/en/panels/tfl-panels/ombre,https://www.uniboard.com/damProxy.php?request=vortek_surfaces_preview&path=/tmp/image-thumbnails/Materials/Uniboard/Packages/Images%20Web/K64_Ombre_Ombre/image-thumb__36567__uniboard360x360/K64_Ombre_Ombre_Nobella_48x24_37dpi.png&query=,#3F3F3F,8.55E-02,9.53E-02,9.85E-02,9.97E-02,9.99E-02,1.00E-01,9.99E-02,9.96E-02,9.95E-02,9.98E-02,1.00E-01,1.00E-01,9.96E-02,9.90E-02,9.85E-02,9.78E-02,9.73E-02,9.73E-02,9.75E-02,9.71E-02,9.64E-02,9.57E-02,9.55E-02,9.53E-02,9.51E-02,9.56E-02,9.56E-02,9.54E-02,9.52E-02,9.50E-02,9.47E-02
DB,uniboard,K65 Americana,https://www.uniboard.com/en/panels/tfl-panels/americana,https://www.uniboard.com/damProxy.php?request=vortek_surfaces_preview&path=/tmp/image-thumbnails/Materials/Uniboard/Packages/Images%20Web/K65_Americana_Americana/image-thumb__36572__uniboard360x360/K65_Americana_Americana_Nobella_48x24_37dpi.png&query=,#59412F,8.42E-02,8.92E-02,8.55E-02,8.30E-02,8.11E-02,8.12E-02,8.36E-02,8.81E-02,9.58E-02,1.07E-01,1.16E-01,1.18E-01,1.18E-01,1.17E-01,1.16E-01,1.17E-01,1.20E-01,1.28E-01,1.42E-01,1.64E-01,1.80E-01,1.87E-01,1.88E-01,1.87E-01,1.87E-01,1.88E-01,1.88E-01,1.89E-01,1.90E-01,1.91E-01,1.92E-01
DB,uniboard,K66 Whisper,https://www.uniboard.com/en/panels/tfl-panels/whisper,https://www.uniboard.com/damProxy.php?request=vortek_surfaces_preview&path=/tmp/image-thumbnails/Materials/Uniboard/Packages/Images%20Web/K66_Murmure_Whisper/image-thumb__41016__uniboard360x360/K66_Murmure_Whisper_Nobella_48x24_37dpi.png&query=,#CDBDA8,3.12E-01,3.29E-01,3.17E-01,3.09E-01,3.03E-01,3.03E-01,3.10E-01,3.23E-01,3.45E-01,3.76E-01,3.96E-01,3.99E-01,3.96E-01,3.93E-01,3.91E-01,3.90E-01,3.97E-01,4.12E-01,4.30E-01,4.53E-01,4.69E-01,4.75E-01,4.75E-01,4.73E-01,4.72E-01,4.73E-01,4.72E-01,4.72E-01,4.72E-01,4.73E-01,4.75E-01
DB,uniboard,K67 Rumour,https://www.uniboard.com/en/panels/tfl-panels/rumour,https://www.uniboard.com/damProxy.php?request=vortek_surfaces_preview&path=/tmp/image-thumbnails/Materials/Uniboard/Packages/Images%20Web/K67_Rumeur_Rumour/image-thumb__41023__uniboard360x360/K67_Rumeur_Rumour_Nobella_48x24_37dpi.png&query=,#9B8264,1.68E-01,1.70E-01,1.53E-01,1.43E-01,1.36E-01,1.35E-01,1.41E-01,1.54E-01,1.74E-01,2.03E-01,2.25E-01,2.31E-01,2.32E-01,2.30E-01,2.29E-01,2.28E-01,2.35E-01,2.49E-01,2.71E-01,3.04E-01,3.28E-01,3.37E-01,3.38E-01,3.37E-01,3.35E-01,3.36E-01,3.36E-01,3.37E-01,3.38E-01,3.39E-01,3.40E-01
DB,uniboard,K68 Conifer,https://www.uniboard.com/en/panels/tfl-panels/conifer,https://www.uniboard.com/damProxy.php?request=vortek_surfaces_preview&path=/tmp/image-thumbnails/Materials/Uniboard/Packages/Images%20Web/K68_Conif%C3%A8re_Conifer/image-thumb__41024__uniboard360x360/K68_Conif%C3%A8re_Conifer_Supermat_48x24_37dpi.png&query=,#295031,3.51E-02,4.26E-02,4.78E-02,5.10E-02,5.33E-02,5.54E-02,5.75E-02,5.94E-02,6.23E-02,6.83E-02,7.82E-02,8.81E-02,9.30E-02,9.34E-02,8.97E-02,8.16E-02,7.18E-02,6.36E-02,5.83E-02,5.48E-02,5.23E-02,5.21E-02,5.40E-02,5.55E-02,5.64E-02,5.75E-02,5.84E-02,5.83E-02,5.69E-02,5.53E-02,5.35E-02
DB,uniboard,K69 Ohm,https://www.uniboard.com/en/panels/tfl-panels/ohm,https://www.uniboard.com/damProxy.php?request=vortek_surfaces_preview&path=/tmp/image-thumbnails/Materials/Uniboard/Packages/Images%20Web/K69_Ohm_Ohm/image-thumb__41029__uniboard360x360/K69_Ohm_Ohm_Aura_48x24_37dpi.png&query=,#725134,9.19E-02,9.84E-02,9.54E-02,9.33E-02,9.18E-02,9.23E-02,9.56E-02,1.01E-01,1.10E-01,1.24E-01,1.35E-01,1.39E-01,1.38E-01,1.37E-01,1.35E-01,1.33E-01,1.34E-01,1.41E-01,1.55E-01,1.80E-01,1.99E-01,2.06E-01,2.07E-01,2.06E-01,2.06E-01,2.07E-01,2.08E-01,2.08E-01,2.09E-01,2.11E-01,2.11E-01
DB,uniboard,K70 Resonance,https://www.uniboard.com/en/panels/tfl-panels/resonance,https://www.uniboard.com/damProxy.php?request=vortek_surfaces_preview&path=/tmp/image-thumbnails/Materials/Uniboard/Packages/Images%20Web/K70_R%C3%A9sonance_Resonance/image-thumb__41015__uniboard360x360/K70_R%C3%A9sonance_Resonance_Aura_48x24_37dpi.png&query=,#6F4728,6.93E-02,7.39E-02,7.10E-02,6.90E-02,6.73E-02,6.74E-02,6.97E-02,7.40E-02,8.15E-02,9.28E-02,1.02E-01,1.05E-01,1.04E-01,1.02E-01,9.95E-02,9.77E-02,9.90E-02,1.06E-01,1.22E-01,1.50E-01,1.72E-01,1.81E-01,1.81E-01,1.80E-01,1.80E-01,1.81E-01,1.81E-01,1.82E-01,1.83E-01,1.84E-01,1.85E-01
DB,uniboard,K71 Elemental,https://www.uniboard.com/en/panels/tfl-hpl/elemental,https://www.uniboard.com/damProxy.php?request=vortek_surfaces_preview&path=/tmp/image-thumbnails/Materials/Uniboard/Packages/Images%20Web/K71_%C3%89l%C3%A9mental_Elemental/image-thumb__41032__uniboard360x360/K71_%C3%89l%C3%A9mental_Elemental_Omnia_48x24_37dpi.png&query=,#C7C2AE,3.88E-01,4.21E-01,4.21E-01,4.19E-01,4.17E-01,4.21E-01,4.30E-01,4.44E-01,4.66E-01,4.96E-01,5.17E-01,5.19E-01,5.17E-01,5.13E-01,5.10E-01,5.09E-01,5.15E-01,5.28E-01,5.43E-01,5.60E-01,5.71E-01,5.75E-01,5.75E-01,5.73E-01,5.71E-01,5.72E-01,5.71E-01,5.71E-01,5.71E-01,5.72E-01,5.73E-01
DB,uniboard,K72 Data,https://www.uniboard.com/en/panels/tfl-panels/data,https://www.uniboard.com/damProxy.php?request=vortek_surfaces_preview&path=/tmp/image-thumbnails/Materials/Uniboard/Packages/Images%20Web/K72_Data_Data/image-thumb__41036__uniboard360x360/K72_Data_Data_Omnia_48x24_37dpi.png&query=,#887E74,1.82E-01,1.92E-01,1.85E-01,1.80E-01,1.76E-01,1.74E-01,1.75E-01,1.79E-01,1.87E-01,1.99E-01,2.07E-01,2.08E-01,2.06E-01,2.04E-01,2.02E-01,2.01E-01,2.03E-01,2.08E-01,2.16E-01,2.25E-01,2.31E-01,2.33E-01,2.33E-01,2.33E-01,2.32E-01,2.34E-01,2.35E-01,2.35E-01,2.36E-01,2.37E-01,2.37E-01
DB,uniboard,K73 Mantra,https://www.uniboard.com/en/panels/tfl-panels/mantra,https://www.uniboard.com/damProxy.php?request=vortek_surfaces_preview&path=/tmp/image-thumbnails/Materials/Uniboard/Packages/Images%20Web/K73_Mantra_Mantra/image-thumb__41040__uniboard360x360/K73_Mantra_Mantra_Aura_48x24_37dpi.png&query=,#6F6863,1.23E-01,1.39E-01,1.45E-01,1.48E-01,1.50E-01,1.52E-01,1.56E-01,1.60E-01,1.66E-01,1.74E-01,1.80E-01,1.79E-01,1.76E-01,1.73E-01,1.70E-01,1.67E-01,1.68E-01,1.72E-01,1.79E-01,1.89E-01,1.96E-01,1.98E-01,1.99E-01,1.99E-01,2.00E-01,2.01E-01,2.02E-01,2.03E-01,2.04E-01,2.04E-01,2.04E-01
DB,uniboard,K74 Chakra,https://www.uniboard.com/en/panels/tfl-panels/chakra,https://www.uniboard.com/damProxy.php?request=vortek_surfaces_preview&path=/tmp/image-thumbnails/Materials/Uniboard/Packages/Images%20Web/K74_Chakra_Chakra/image-thumb__40951__uniboard360x360/K74_Chakra_Chakra_Aura_48x24_37dpi.png&query=,#736557,1.06E-01,1.13E-01,1.09E-01,1.06E-01,1.05E-01,1.06E-01,1.11E-01,1.18E-01,1.30E-01,1.46E-01,1.56E-01,1.54E-01,1.48E-01,1.43E-01,1.39E-01,1.37E-01,1.39E-01,1.46E-01,1.58E-01,1.75E-01,1.88E-01,1.93E-01,1.95E-01,1.96E-01,1.97E-01,1.99E-01,2.00E-01,2.01E-01,2.02E-01,2.02E-01,2.02E-01
DB,uniboard,K75 Karma,https://www.uniboard.com/en/panels/tfl-panels/karma,https://www.uniboard.com/damProxy.php?request=vortek_surfaces_preview&path=/tmp/image-thumbnails/Materials/Uniboard/Packages/Images%20Web/K75_Karma_Karma/image-thumb__40949__uniboard360x360/K75_Karma_Karma_Omnia_48x24_37dpi.png&query=,#4D443B,,,,,,,,,,,,,,,,,,,,,,,,,,,,,,,
DB,uniboard,K76 Samadhi,https://www.uniboard.com/en/panels/tfl-panels/samadhi,https://www.uniboard.com/damProxy.php?request=vortek_surfaces_preview&path=/tmp/image-thumbnails/Materials/Uniboard/Packages/Images%20Web/K76_Samadhi_Samadhi/image-thumb__40955__uniboard360x360/K76_Samadhi_Samadhi_Omnia_48x24_37dpi.png&query=,#422A1B,5.19E-02,5.60E-02,5.54E-02,5.46E-02,5.36E-02,5.27E-02,5.20E-02,5.14E-02,5.14E-02,5.20E-02,5.29E-02,5.34E-02,5.39E-02,5.46E-02,5.55E-02,5.69E-02,5.91E-02,6.23E-02,6.59E-02,7.01E-02,7.29E-02,7.40E-02,7.41E-02,7.41E-02,7.43E-02,7.52E-02,7.59E-02,7.66E-02,7.72E-02,7.77E-02,7.81E-02
DB,uniboard,K77 Dosha,https://www.uniboard.com/en/panels/tfl-panels/dosha,https://www.uniboard.com/damProxy.php?request=vortek_surfaces_preview&path=/tmp/image-thumbnails/Materials/Uniboard/Packages/Images%20Web/K77_Dosha_Dosha/image-thumb__40966__uniboard360x360/K77_Dosha_Dosha_Omnia_48x24_37dpi.png&query=,#AA9980,2.81E-01,2.98E-01,2.88E-01,2.82E-01,2.77E-01,2.77E-01,2.82E-01,2.93E-01,3.12E-01,3.37E-01,3.53E-01,3.51E-01,3.46E-01,3.41E-01,3.38E-01,3.37E-01,3.42E-01,3.54E-01,3.68E-01,3.86E-01,3.98E-01,4.03E-01,4.05E-01,4.05E-01,4.05E-01,4.07E-01,4.08E-01,4.09E-01,4.09E-01,4.10E-01,4.11E-01
DB,uniboard,K79 Sage,https://www.uniboard.com/en/panels/tfl-panels/sage,https://www.uniboard.com/damProxy.php?request=vortek_surfaces_preview&path=/tmp/image-thumbnails/Materials/Uniboard/Packages/Images%20Web/K79_Sauge_Sage/image-thumb__40978__uniboard360x360/K79_Sauge_Sage_Supermat_48x24_37dpi.png&query=,#96ADA7,2.18E-01,2.72E-01,3.13E-01,3.35E-01,3.50E-01,3.62E-01,3.69E-01,3.72E-01,3.74E-01,3.77E-01,3.86E-01,3.97E-01,4.03E-01,4.05E-01,4.02E-01,3.93E-01,3.83E-01,3.75E-01,3.67E-01,3.55E-01,3.47E-01,3.50E-01,3.59E-01,3.65E-01,3.68E-01,3.71E-01,3.73E-01,3.73E-01,3.70E-01,3.67E-01,3.64E-01
DB,uniboard,K80 Celestine,https://www.uniboard.com/en/panels/tfl-panels/celestine,https://www.uniboard.com/damProxy.php?request=vortek_surfaces_preview&path=/tmp/image-thumbnails/Materials/Uniboard/Packages/Images%20Web/K80_C%C3%A9lestine_Celestine/image-thumb__40977__uniboard360x360/K80_C%C3%A9lestine_Celestine_Supermat_48x24_37dpi.png&query=,#C0D0E0,4.07E-01,4.78E-01,5.21E-01,5.43E-01,5.55E-01,5.66E-01,5.73E-01,5.77E-01,5.80E-01,5.82E-01,5.79E-01,5.65E-01,5.49E-01,5.35E-01,5.23E-01,5.11E-01,4.99E-01,4.92E-01,4.88E-01,4.81E-01,4.73E-01,4.69E-01,4.69E-01,4.69E-01,4.69E-01,4.73E-01,4.75E-01,4.76E-01,4.77E-01,4.78E-01,4.78E-01
DB,uniboard,K81 Adobe,https://www.uniboard.com/en/panels/tfl-panels/adobe,https://www.uniboard.com/damProxy.php?request=vortek_surfaces_preview&path=/tmp/image-thumbnails/Materials/Uniboard/Packages/Images%20Web/K81_Adobe_Adobe/image-thumb__40987__uniboard360x360/K81_Adobe_Adobe_Supermat_48x24_37dpi.png&query=,#CF8A6B,1.41E-01,1.56E-01,1.53E-01,1.50E-01,1.46E-01,1.44E-01,1.43E-01,1.44E-01,1.50E-01,1.59E-01,1.69E-01,1.76E-01,1.87E-01,2.01E-01,2.18E-01,2.44E-01,2.84E-01,3.33E-01,3.84E-01,4.50E-01,5.02E-01,5.30E-01,5.43E-01,5.48E-01,5.52E-01,5.59E-01,5.64E-01,5.69E-01,5.72E-01,5.75E-01,5.78E-01
DB,uniboard,K82 Whitesmoke,https://www.uniboard.com/en/panels/tfl-panels/whitesmoke,https://www.uniboard.com/damProxy.php?request=vortek_surfaces_preview&path=/tmp/image-thumbnails/Materials/Uniboard/Packages/Images%20Web/K82_Fum%C3%A9e%20Blanche_Whitesmoke/image-thumb__40996__uniboard360x360/K82_Fum%C3%A9e%20Blanche_Whitesmoke_Supermat_48x24_37dpi.png&query=,#DCDCDA,4.24E-01,4.99E-01,5.42E-01,5.63E-01,5.76E-01,5.86E-01,5.92E-01,5.94E-01,5.96E-01,5.99E-01,6.07E-01,6.17E-01,6.26E-01,6.32E-01,6.37E-01,6.41E-01,6.49E-01,6.60E-01,6.67E-01,6.69E-01,6.68E-01,6.66E-01,6.68E-01,6.67E-01,6.66E-01,6.67E-01,6.67E-01,6.66E-01,6.66E-01,6.66E-01,6.66E-01
DB,uniboard,K83 Shipshaw,https://www.uniboard.com/en/panels/tfl-panels/shipshaw,https://www.uniboard.com/damProxy.php?request=vortek_surfaces_preview&path=/tmp/image-thumbnails/Materials/Uniboard/Packages/Images%20Web/K83_Shipshaw_Shipshaw/image-thumb__41006__uniboard360x360/K83_Shipshaw_Shipshaw_Supermat_48x24_37dpi.png&query=,#736A61,1.37E-01,1.53E-01,1.58E-01,1.59E-01,1.60E-01,1.60E-01,1.60E-01,1.60E-01,1.61E-01,1.63E-01,1.65E-01,1.67E-01,1.69E-01,1.70E-01,1.72E-01,1.73E-01,1.75E-01,1.79E-01,1.81E-01,1.83E-01,1.84E-01,1.84E-01,1.84E-01,1.83E-01,1.83E-01,1.84E-01,1.84E-01,1.85E-01,1.85E-01,1.86E-01,1.86E-01
DB,uniboard,K84 Quietude,https://www.uniboard.com/en/panels/tfl-hpl/quietude,https://www.uniboard.com/damProxy.php?request=vortek_surfaces_preview&path=/tmp/image-thumbnails/Materials/Uniboard/Packages/Images%20Web/K84_Qui%C3%A9tude_Quietude/image-thumb__42663__uniboard360x360/K84_Qui%C3%A9tude_Quietude_Supermat_48x24_37dpi.png&query=,#B7B1A3,,,,,,,,,,,,,,,,,,,,,,,,,,,,,,,
DB,uniboard,K85 Solace,https://www.uniboard.com/en/panels/tfl-hpl/solace,https://www.uniboard.com/damProxy.php?request=vortek_surfaces_preview&path=/tmp/image-thumbnails/Materials/Uniboard/Packages/Images%20Web/K85_R%C3%A9confort_Solace/image-thumb__42670__uniboard360x360/K85_R%C3%A9confort_Solace_Supermat_48x24_37dpi.png&query=,#83745D,7.57E-02,9.37E-02,1.08E-01,1.16E-01,1.22E-01,1.28E-01,1.32E-01,1.34E-01,1.35E-01,1.34E-01,1.32E-01,1.34E-01,1.42E-01,1.51E-01,1.60E-01,1.72E-01,1.85E-01,1.96E-01,2.00E-01,2.01E-01,2.01E-01,2.03E-01,2.04E-01,2.02E-01,2.00E-01,1.97E-01,1.93E-01,1.92E-01,1.94E-01,1.96E-01,2.00E-01
DB,uniboard,K86 Serenity,https://www.uniboard.com/en/panels/tfl-hpl/serenity,https://www.uniboard.com/damProxy.php?request=vortek_surfaces_preview&path=/tmp/image-thumbnails/Materials/Uniboard/Packages/Images%20Web/K86_S%C3%A9r%C3%A9nit%C3%A9_Serenity/image-thumb__42674__uniboard360x360/K86_S%C3%A9r%C3%A9nit%C3%A9_Serenity_Supermat_48x24_37dpi.png&query=,#6E7E73,1.52E-01,1.79E-01,1.96E-01,2.05E-01,2.10E-01,2.14E-01,2.16E-01,2.16E-01,2.16E-01,2.17E-01,2.20E-01,2.24E-01,2.27E-01,2.27E-01,2.26E-01,2.22E-01,2.18E-01,2.14E-01,2.11E-01,2.04E-01,1.98E-01,1.94E-01,1.93E-01,1.93E-01,1.93E-01,1.94E-01,1.94E-01,1.94E-01,1.93E-01,1.93E-01,1.92E-01
DB,uniboard,K87 Calla,https://www.uniboard.com/en/panels/tfl-hpl/calla,https://www.uniboard.com/damProxy.php?request=vortek_surfaces_preview&path=/tmp/image-thumbnails/Materials/Uniboard/Packages/Images%20Web/K87_Calla_Calla/image-thumb__42310__uniboard360x360/K87_Calla_Calla_Sequoia_48x24_37dpi.png&query=,#3F3028,5.21E-02,5.98E-02,6.29E-02,6.43E-02,6.50E-02,6.56E-02,6.63E-02,6.70E-02,6.85E-02,7.14E-02,7.43E-02,7.54E-02,7.54E-02,7.51E-02,7.46E-02,7.42E-02,7.52E-02,7.89E-02,8.65E-02,9.91E-02,1.09E-01,1.12E-01,1.13E-01,1.12E-01,1.12E-01,1.13E-01,1.13E-01,1.14E-01,1.15E-01,1.15E-01,1.15E-01
DB,uniboard,K88 Stellar,https://www.uniboard.com/en/panels/tfl-hpl/stellar,https://www.uniboard.com/damProxy.php?request=vortek_surfaces_preview&path=/tmp/image-thumbnails/Materials/Uniboard/Packages/Images%20Web/K88_Stellaire_Stellar/image-thumb__42681__uniboard360x360/K88_Stellaire_Stellar_Omnia_48x24_37dpi.png&query=,#BCB18D,,,,,,,,,,,,,,,,,,,,,,,,,,,,,,,
DB,uniboard,K89 Cosmos,https://www.uniboard.com/en/panels/tfl-hpl/cosmos,https://www.uniboard.com/damProxy.php?request=vortek_surfaces_preview&path=/tmp/image-thumbnails/Materials/Uniboard/Packages/Images%20Web/K89_Cosmos_Cosmos/image-thumb__42314__uniboard360x360/K89_Cosmos_Cosmos_Omnia_48x24_37dpi.png&query=,#A19373,2.96E-01,3.00E-01,2.74E-01,2.58E-01,2.47E-01,2.45E-01,2.54E-01,2.72E-01,3.02E-01,3.43E-01,3.71E-01,3.73E-01,3.68E-01,3.63E-01,3.59E-01,3.58E-01,3.66E-01,3.85E-01,4.10E-01,4.46E-01,4.73E-01,4.82E-01,4.81E-01,4.79E-01,4.77E-01,4.78E-01,4.77E-01,4.77E-01,4.79E-01,4.80E-01,4.82E-01
DB,uniboard,K90 Eclipse,https://www.uniboard.com/en/panels/tfl-hpl/eclipse,https://www.uniboard.com/damProxy.php?request=vortek_surfaces_preview&path=/tmp/image-thumbnails/Materials/Uniboard/Packages/Images%20Web/K90_%C3%89clipse_Eclipse/image-thumb__42685__uniboard360x360/K90_%C3%89clipse_Eclipse_Omnia_48x24_37dpi.png&query=,#7E6951,1.66E-01,1.69E-01,1.55E-01,1.46E-01,1.39E-01,1.36E-01,1.39E-01,1.47E-01,1.62E-01,1.83E-01,1.97E-01,1.98E-01,1.94E-01,1.90E-01,1.87E-01,1.87E-01,1.91E-01,2.04E-01,2.25E-01,2.58E-01,2.82E-01,2.91E-01,2.90E-01,2.88E-01,2.87E-01,2.88E-01,2.88E-01,2.89E-01,2.89E-01,2.90E-01,2.91E-01
DB,uniboard,K91 Chicory,https://www.uniboard.com/en/panels/tfl-hpl/chicory,https://www.uniboard.com/damProxy.php?request=vortek_surfaces_preview&path=/tmp/image-thumbnails/Materials/Uniboard/Packages/Images%20Web/K91_Chicor%C3%A9e_Chicory/image-thumb__42689__uniboard360x360/K91_Chicor%C3%A9e_Chicory_Omnia_48x24_37dpi.png&query=,#988764,2.26E-01,2.28E-01,2.07E-01,1.95E-01,1.87E-01,1.86E-01,1.93E-01,2.08E-01,2.33E-01,2.66E-01,2.87E-01,2.87E-01,2.81E-01,2.76E-01,2.72E-01,2.71E-01,2.78E-01,2.93E-01,3.13E-01,3.41E-01,3.63E-01,3.72E-01,3.74E-01,3.74E-01,3.74E-01,3.76E-01,3.76E-01,3.77E-01,3.78E-01,3.79E-01,3.80E-01
DB,uniboard,K92 Nubuck,https://www.uniboard.com/en/panels/tfl-hpl/nubuck,https://www.uniboard.com/damProxy.php?request=vortek_surfaces_preview&path=/tmp/image-thumbnails/Materials/Uniboard/Packages/Images%20Web/K92_Nubuck_Nubuck/image-thumb__42348__uniboard360x360/K92_Nubuck_Nubuck_Omnia_48x24_37dpi.png&query=,#6C6347,1.36E-01,1.45E-01,1.40E-01,1.38E-01,1.35E-01,1.36E-01,1.39E-01,1.45E-01,1.55E-01,1.68E-01,1.76E-01,1.75E-01,1.72E-01,1.70E-01,1.68E-01,1.67E-01,1.70E-01,1.77E-01,1.86E-01,1.98E-01,2.07E-01,2.12E-01,2.14E-01,2.14E-01,2.14E-01,2.16E-01,2.16E-01,2.17E-01,2.17E-01,2.18E-01,2.19E-01
DB,uniboard,K93 Anise,https://www.uniboard.com/en/panels/tfl-hpl/anise,https://www.uniboard.com/damProxy.php?request=vortek_surfaces_preview&path=/tmp/image-thumbnails/Materials/Uniboard/Packages/Images%20Web/K93_Anis_Anise/image-thumb__42693__uniboard360x360/K93_Anis_Anise_Omnia_48x24_37dpi.png&query=,#3C3931,9.40E-02,9.84E-02,9.45E-02,9.16E-02,8.89E-02,8.73E-02,8.68E-02,8.72E-02,8.91E-02,9.21E-02,9.37E-02,9.26E-02,9.11E-02,8.98E-02,8.92E-02,8.91E-02,8.96E-02,9.12E-02,9.36E-02,9.66E-02,9.88E-02,9.96E-02,9.98E-02,9.97E-02,9.97E-02,1.00E-01,1.00E-01,1.00E-01,9.98E-02,9.96E-02,9.95E-02
DB,uniboard,K94 Poppy,https://www.uniboard.com/en/panels/tfl-hpl/poppy,https://www.uniboard.com/damProxy.php?request=vortek_surfaces_preview&path=/tmp/image-thumbnails/Materials/Uniboard/Packages/Images%20Web/K94_Pavot_Poppy/image-thumb__42697__uniboard360x360/K94_Pavot_Poppy_Omnia_48x24_37dpi.png&query=,#5B594C,1.36E-01,1.43E-01,1.39E-01,1.36E-01,1.33E-01,1.32E-01,1.33E-01,1.36E-01,1.42E-01,1.51E-01,1.56E-01,1.56E-01,1.55E-01,1.54E-01,1.53E-01,1.53E-01,1.55E-01,1.59E-01,1.63E-01,1.67E-01,1.70E-01,1.72E-01,1.73E-01,1.73E-01,1.73E-01,1.74E-01,1.74E-01,1.74E-01,1.73E-01,1.73E-01,1.73E-01
DB,uniboard,K95 Atom,https://www.uniboard.com/en/panels/tfl-hpl/atom,https://www.uniboard.com/damProxy.php?request=vortek_surfaces_preview&path=/tmp/image-thumbnails/Materials/Uniboard/Packages/Images%20Web/K95_Atome_Atom/image-thumb__42701__uniboard360x360/K95_Atome_Atom_Omnia_48x24_37dpi.png&query=,#615643,,,,,,,,,,,,,,,,,,,,,,,,,,,,,,,
DB,uniboard,K96 Tektonik,https://www.uniboard.com/en/panels/tfl-hpl/tektonik,https://www.uniboard.com/damProxy.php?request=vortek_surfaces_preview&path=/tmp/image-thumbnails/Materials/Uniboard/Packages/Images%20Web/K96_Tektonik_Tektonik/image-thumb__42406__uniboard360x360/K96_Tektonik_Tektonik_Omnia_48x24_37dpi.png&query=,#3F413A,8.49E-02,9.12E-02,9.03E-02,8.91E-02,8.75E-02,8.63E-02,8.56E-02,8.51E-02,8.54E-02,8.64E-02,8.72E-02,8.68E-02,8.60E-02,8.51E-02,8.45E-02,8.39E-02,8.34E-02,8.35E-02,8.42E-02,8.48E-02,8.48E-02,8.44E-02,8.41E-02,8.39E-02,8.39E-02,8.44E-02,8.45E-02,8.45E-02,8.44E-02,8.43E-02,8.42E-02
DB,uniboard,K97 Zinc,https://www.uniboard.com/en/panels/tfl-hpl/zinc,https://www.uniboard.com/damProxy.php?request=vortek_surfaces_preview&path=/tmp/image-thumbnails/Materials/Uniboard/Packages/Images%20Web/K97_Zinc_Zinc/image-thumb__42410__uniboard360x360/K97_Zinc_Zinc_Omnia_48x24_37dpi.png&query=,#A9A486,2.93E-01,3.09E-01,2.97E-01,2.89E-01,2.82E-01,2.82E-01,2.88E-01,3.00E-01,3.20E-01,3.48E-01,3.67E-01,3.69E-01,3.65E-01,3.61E-01,3.57E-01,3.55E-01,3.59E-01,3.70E-01,3.83E-01,4.00E-01,4.11E-01,4.14E-01,4.14E-01,4.13E-01,4.12E-01,4.14E-01,4.14E-01,4.14E-01,4.15E-01,4.16E-01,4.17E-01
DB,uniboard,K98 Titanium,https://www.uniboard.com/en/panels/tfl-hpl/titanium,https://www.uniboard.com/damProxy.php?request=vortek_surfaces_preview&path=/tmp/image-thumbnails/Materials/Uniboard/Packages/Images%20Web/K98_Titanium_Titanium/image-thumb__42414__uniboard360x360/K98_Titanium_Titanium_Omnia_48x24_37dpi.png&query=,#89816B,2.32E-01,2.45E-01,2.37E-01,2.31E-01,2.26E-01,2.25E-01,2.28E-01,2.35E-01,2.47E-01,2.64E-01,2.76E-01,2.76E-01,2.74E-01,2.71E-01,2.69E-01,2.69E-01,2.72E-01,2.79E-01,2.89E-01,3.01E-01,3.10E-01,3.13E-01,3.13E-01,3.12E-01,3.11E-01,3.13E-01,3.13E-01,3.13E-01,3.13E-01,3.14E-01,3.15E-01
DB,uniboard,K99 Otter Grey,https://www.uniboard.com/en/panels/tfl-hpl/otter-grey,https://www.uniboard.com/damProxy.php?request=vortek_surfaces_preview&path=/tmp/image-thumbnails/Materials/Uniboard/Packages/Images%20Web/K99_Loutre%20de%20mer_Otter%20grey/image-thumb__42705__uniboard360x360/K99_Loutre%20de%20mer_Otter%20grey_Calico_48x24_37dpi.png&query=,#686A5D,,,,,,,,,,,,,,,,,,,,,,,,,,,,,,,
DB,uniboard,L01 Maria,https://www.uniboard.com/en/panels/tfl-hpl/maria,https://www.uniboard.com/damProxy.php?request=vortek_surfaces_preview&path=/tmp/image-thumbnails/Materials/Uniboard/Packages/Images%20Web/L01_Maria_Maria/image-thumb__42418__uniboard360x360/L01_Maria_Maria_Aura_48x24_37dpi.png&query=,#B9A681,2.73E-01,2.88E-01,2.76E-01,2.68E-01,2.64E-01,2.66E-01,2.77E-01,2.95E-01,3.24E-01,3.64E-01,3.93E-01,3.99E-01,3.96E-01,3.91E-01,3.87E-01,3.84E-01,3.91E-01,4.09E-01,4.35E-01,4.75E-01,5.04E-01,5.14E-01,5.14E-01,5.12E-01,5.10E-01,5.11E-01,5.10E-01,5.11E-01,5.12E-01,5.14E-01,5.15E-01
DB,uniboard,L02 Carleton,https://www.uniboard.com/en/panels/tfl-hpl/carleton,https://www.uniboard.com/damProxy.php?request=vortek_surfaces_preview&path=/tmp/image-thumbnails/Materials/Uniboard/Packages/Images%20Web/L02_Carleton_Carleton/image-thumb__42486__uniboard360x360/L02_Carleton_Carleton_Aura_48x24_37dpi.png&query=,#4C463A,8.55E-02,9.31E-02,9.33E-02,9.32E-02,9.29E-02,9.37E-02,9.59E-02,9.91E-02,1.04E-01,1.12E-01,1.17E-01,1.18E-01,1.17E-01,1.15E-01,1.14E-01,1.12E-01,1.13E-01,1.16E-01,1.21E-01,1.29E-01,1.34E-01,1.37E-01,1.37E-01,1.37E-01,1.36E-01,1.37E-01,1.37E-01,1.38E-01,1.38E-01,1.38E-01,1.39E-01
DB,uniboard,L03 Bonaventure,https://www.uniboard.com/en/panels/tfl-hpl/bonaventure,https://www.uniboard.com/damProxy.php?request=vortek_surfaces_preview&path=/tmp/image-thumbnails/Materials/Uniboard/Packages/Images%20Web/L03_Bonaventure_Bonaventure/image-thumb__42442__uniboard360x360/L03_Bonaventure_Bonaventure_Aura_48x24_37dpi.png&query=,#CEC6A8,4.37E-01,4.85E-01,4.96E-01,4.99E-01,4.99E-01,5.02E-01,5.08E-01,5.17E-01,5.31E-01,5.51E-01,5.67E-01,5.71E-01,5.70E-01,5.67E-01,5.65E-01,5.61E-01,5.62E-01,5.70E-01,5.83E-01,5.99E-01,6.08E-01,6.10E-01,6.10E-01,6.08E-01,6.06E-01,6.07E-01,6.06E-01,6.05E-01,6.05E-01,6.05E-01,6.05E-01
DB,uniboard,L04 Flavie,https://www.uniboard.com/en/panels/tfl-hpl/flavie,https://www.uniboard.com/damProxy.php?request=vortek_surfaces_preview&path=/tmp/image-thumbnails/Materials/Uniboard/Packages/Images%20Web/L04_Flavie_Flavie/image-thumb__42446__uniboard360x360/L04_Flavie_Flavie_Aura_48x24_37dpi.png&query=,#A69B86,2.61E-01,2.80E-01,2.75E-01,2.70E-01,2.66E-01,2.67E-01,2.72E-01,2.83E-01,3.00E-01,3.24E-01,3.41E-01,3.43E-01,3.40E-01,3.35E-01,3.31E-01,3.26E-01,3.27E-01,3.34E-01,3.49E-01,3.71E-01,3.87E-01,3.93E-01,3.94E-01,3.93E-01,3.92E-01,3.94E-01,3.94E-01,3.95E-01,3.96E-01,3.98E-01,3.99E-01
DB,uniboard,L05 Natura,https://www.uniboard.com/en/panels/tfl-hpl/natura,https://www.uniboard.com/damProxy.php?request=vortek_surfaces_preview&path=/tmp/image-thumbnails/Materials/Uniboard/Packages/Images%20Web/L05_Natura_Natura/image-thumb__42450__uniboard360x360/L05_Natura_Natura_Omnia_48x24_37dpi.png&query=,#B69E70,1.94E-01,2.02E-01,1.90E-01,1.83E-01,1.80E-01,1.81E-01,1.90E-01,2.05E-01,2.29E-01,2.63E-01,2.90E-01,3.01E-01,3.08E-01,3.12E-01,3.16E-01,3.23E-01,3.39E-01,3.63E-01,3.87E-01,4.13E-01,4.32E-01,4.38E-01,4.39E-01,4.38E-01,4.37E-01,4.38E-01,4.38E-01,4.40E-01,4.42E-01,4.44E-01,4.45E-01
DB,uniboard,L06 Ecru,https://www.uniboard.com/en/panels/tfl-hpl/ecru,https://www.uniboard.com/damProxy.php?request=vortek_surfaces_preview&path=/tmp/image-thumbnails/Materials/Uniboard/Packages/Images%20Web/L06_%C3%89cru_Ecru/image-thumb__42709__uniboard360x360/L06_%C3%89cru_Ecru_Omnia_48x24_37dpi.png&query=,#94896C,2.13E-01,2.19E-01,2.05E-01,1.96E-01,1.90E-01,1.88E-01,1.92E-01,2.01E-01,2.18E-01,2.41E-01,2.58E-01,2.62E-01,2.62E-01,2.60E-01,2.59E-01,2.59E-01,2.65E-01,2.76E-01,2.91E-01,3.12E-01,3.27E-01,3.33E-01,3.33E-01,3.32E-01,3.31E-01,3.32E-01,3.32E-01,3.32E-01,3.33E-01,3.34E-01,3.35E-01
DB,uniboard,L07 Taupe,https://www.uniboard.com/en/panels/tfl-hpl/taupe,https://www.uniboard.com/damProxy.php?request=vortek_surfaces_preview&path=/tmp/image-thumbnails/Materials/Uniboard/Packages/Images%20Web/L07_Taupe_Taupe/image-thumb__42458__uniboard360x360/L07_Taupe_Taupe_Omnia_48x24_37dpi.png&query=,#827764,2.08E-01,2.17E-01,2.05E-01,1.98E-01,1.92E-01,1.90E-01,1.93E-01,2.00E-01,2.13E-01,2.31E-01,2.43E-01,2.44E-01,2.42E-01,2.39E-01,2.37E-01,2.37E-01,2.41E-01,2.50E-01,2.62E-01,2.79E-01,2.91E-01,2.94E-01,2.94E-01,2.92E-01,2.91E-01,2.92E-01,2.92E-01,2.92E-01,2.92E-01,2.93E-01,2.93E-01
DB,uniboard,L08 Frost,https://www.uniboard.com/en/panels/tfl-hpl/frost,https://www.uniboard.com/damProxy.php?request=vortek_surfaces_preview&path=/tmp/image-thumbnails/Materials/Uniboard/Packages/Images%20Web/L08_Frimas_Frost/image-thumb__42713__uniboard360x360/L08_Frimas_Frost_Sequoia_48x24_37dpi.png&query=,#D7CDB5,3.37E-01,3.60E-01,3.52E-01,3.46E-01,3.41E-01,3.41E-01,3.48E-01,3.60E-01,3.81E-01,4.10E-01,4.30E-01,4.32E-01,4.29E-01,4.25E-01,4.23E-01,4.22E-01,4.28E-01,4.41E-01,4.59E-01,4.82E-01,4.98E-01,5.03E-01,5.03E-01,5.01E-01,5.00E-01,5.01E-01,5.00E-01,5.00E-01,5.01E-01,5.02E-01,5.03E-01
DB,uniboard,L09 Ioniq,https://www.uniboard.com/en/panels/tfl-hpl/ioniq,https://www.uniboard.com/damProxy.php?request=vortek_surfaces_preview&path=/tmp/image-thumbnails/Materials/Uniboard/Packages/Images%20Web/L09_Ioniq_Ioniq/image-thumb__42466__uniboard360x360/L09_Ioniq_Ioniq_Omnia_48x24_37dpi.png&query=,#524638,9.30E-02,9.75E-02,9.34E-02,9.06E-02,8.82E-02,8.72E-02,8.81E-02,9.04E-02,9.51E-02,1.02E-01,1.07E-01,1.07E-01,1.05E-01,1.04E-01,1.03E-01,1.03E-01,1.05E-01,1.09E-01,1.16E-01,1.26E-01,1.33E-01,1.35E-01,1.35E-01,1.35E-01,1.34E-01,1.35E-01,1.35E-01,1.35E-01,1.35E-01,1.36E-01,1.36E-01
DB,uniboard,L10 Flux,https://www.uniboard.com/en/panels/tfl-hpl/flux,https://www.uniboard.com/damProxy.php?request=vortek_surfaces_preview&path=/tmp/image-thumbnails/Materials/Uniboard/Packages/Images%20Web/L10_Flux_Flux/image-thumb__42492__uniboard360x360/L10_Flux_Flux_Omnia_48x24_37dpi.png&query=,#8A7F65,1.95E-01,2.03E-01,1.93E-01,1.86E-01,1.81E-01,1.80E-01,1.83E-01,1.90E-01,2.04E-01,2.23E-01,2.37E-01,2.39E-01,2.37E-01,2.34E-01,2.32E-01,2.31E-01,2.34E-01,2.43E-01,2.55E-01,2.71E-01,2.83E-01,2.86E-01,2.86E-01,2.85E-01,2.84E-01,2.85E-01,2.85E-01,2.86E-01,2.86E-01,2.87E-01,2.87E-01
DB,uniboard,L12 Legend,https://www.uniboard.com/en/panels/tfl-panels/legend,https://www.uniboard.com/damProxy.php?request=vortek_surfaces_preview&path=/tmp/image-thumbnails/Materials/Uniboard/Packages/Images%20Web/L12_L%C3%A9gende_Legend/image-thumb__43452__uniboard360x360/L12_L%C3%A9gende_Legend_Omnia_48x24_37dpi.png&query=,#BFB28F,,,,,,,,,,,,,,,,,,,,,,,,,,,,,,,
DB,uniboard,L13 Mythos,https://www.uniboard.com/en/panels/tfl-panels/mythos,https://www.uniboard.com/damProxy.php?request=vortek_surfaces_preview&path=/tmp/image-thumbnails/Materials/Uniboard/Packages/Images%20Web/L13_Mythos_Mythos/image-thumb__43456__uniboard360x360/L13_Mythos_Mythos_Omnia_48x24_37dpi.png&query=,#352D26,5.80E-02,6.13E-02,5.95E-02,5.82E-02,5.69E-02,5.62E-02,5.62E-02,5.68E-02,5.84E-02,6.12E-02,6.34E-02,6.39E-02,6.39E-02,6.38E-02,6.39E-02,6.44E-02,6.58E-02,6.86E-02,7.22E-02,7.70E-02,8.03E-02,8.13E-02,8.11E-02,8.08E-02,8.06E-02,8.10E-02,8.11E-02,8.13E-02,8.14E-02,8.15E-02,8.16E-02
DB,uniboard,L14 Sepia,https://www.uniboard.com/en/panels/tfl-panels/sepia,https://www.uniboard.com/damProxy.php?request=vortek_surfaces_preview&path=/tmp/image-thumbnails/Materials/Uniboard/Packages/Images%20Web/L14_S%C3%A9pia_Sepia/image-thumb__43460__uniboard360x360/L14_S%C3%A9pia_Sepia_Omnia_48x24_37dpi.png&query=,#68543C,1.06E-01,1.09E-01,1.01E-01,9.58E-02,9.24E-02,9.19E-02,9.51E-02,1.02E-01,1.13E-01,1.29E-01,1.41E-01,1.44E-01,1.44E-01,1.43E-01,1.42E-01,1.42E-01,1.46E-01,1.56E-01,1.72E-01,1.96E-01,2.15E-01,2.23E-01,2.23E-01,2.23E-01,2.22E-01,2.23E-01,2.23E-01,2.24E-01,2.25E-01,2.26E-01,2.27E-01
DB,uniboard,L15 Obscura,https://www.uniboard.com/en/panels/tfl-panels/obscura,https://www.uniboard.com/damProxy.php?request=vortek_surfaces_preview&path=/tmp/image-thumbnails/Materials/Uniboard/Packages/Images%20Web/L15_Obscura_Obscura/image-thumb__43464__uniboard360x360/L15_Obscura_Obscura_Omnia_48x24_37dpi.png&query=,#524535,1.06E-01,1.10E-01,1.04E-01,9.99E-02,9.68E-02,9.59E-02,9.76E-02,1.02E-01,1.09E-01,1.20E-01,1.29E-01,1.30E-01,1.29E-01,1.28E-01,1.27E-01,1.26E-01,1.29E-01,1.35E-01,1.45E-01,1.59E-01,1.69E-01,1.73E-01,1.73E-01,1.73E-01,1.72E-01,1.73E-01,1.74E-01,1.74E-01,1.75E-01,1.75E-01,1.76E-01
DB,uniboard,L16 Folklore,https://www.uniboard.com/en/panels/tfl-panels/folklore,https://www.uniboard.com/damProxy.php?request=vortek_surfaces_preview&path=/tmp/image-thumbnails/Materials/Uniboard/Packages/Images%20Web/L16_Folklore_Folklore/image-thumb__43468__uniboard360x360/L16_Folklore_Folklore_Omnia_48x24_37dpi.png&query=,#C5AF83,,,,,,,,,,,,,,,,,,,,,,,,,,,,,,,
DB,uniboard,L17 Ambrette,https://www.uniboard.com/en/panels/tfl-panels/ambrette,https://www.uniboard.com/damProxy.php?request=vortek_surfaces_preview&path=/tmp/image-thumbnails/Materials/Uniboard/Packages/Images%20Web/L17_Ambrette_Ambrette/image-thumb__43472__uniboard360x360/L17_Ambrette_Ambrette_Supermat_48x24_37dpi.png&query=,#73493B,3.77E-02,4.53E-02,4.85E-02,4.98E-02,5.01E-02,5.01E-02,4.97E-02,4.92E-02,4.91E-02,4.98E-02,5.08E-02,5.14E-02,5.24E-02,5.41E-02,5.67E-02,6.11E-02,6.85E-02,7.89E-02,9.27E-02,1.13E-01,1.29E-01,1.38E-01,1.43E-01,1.45E-01,1.47E-01,1.50E-01,1.53E-01,1.56E-01,1.58E-01,1.61E-01,1.62E-01
DB,uniboard,L19 Putty,https://www.uniboard.com/en/panels/tfl-panels/putty,https://www.uniboard.com/damProxy.php?request=vortek_surfaces_preview&path=/tmp/image-thumbnails/Materials/Uniboard/Packages/Images%20Web/L19_Gr%C3%A8s_Putty/image-thumb__43476__uniboard360x360/L19_Gr%C3%A8s_Putty_Supermat_48x24_37dpi.png&query=,#A6A086,1.69E-01,2.15E-01,2.51E-01,2.70E-01,2.84E-01,2.95E-01,3.02E-01,3.05E-01,3.07E-01,3.11E-01,3.21E-01,3.38E-01,3.55E-01,3.68E-01,3.77E-01,3.84E-01,3.95E-01,4.08E-01,4.14E-01,4.13E-01,4.09E-01,4.08E-01,4.09E-01,4.09E-01,4.07E-01,4.07E-01,4.06E-01,4.05E-01,4.04E-01,4.04E-01,4.03E-01
DB,uniboard,L20 Pacifica,https://www.uniboard.com/en/panels/tfl-panels/pacifica,https://www.uniboard.com/damProxy.php?request=vortek_surfaces_preview&path=/tmp/image-thumbnails/Materials/Uniboard/Packages/Images%20Web/L20_Pacifica_Pacifica/image-thumb__43480__uniboard360x360/L20_Pacifica_Pacifica_Supermat_48x24_37dpi.png&query=,#606E69,1.47E-01,1.59E-01,1.59E-01,1.58E-01,1.56E-01,1.55E-01,1.54E-01,1.53E-01,1.53E-01,1.53E-01,1.53E-01,1.50E-01,1.46E-01,1.43E-01,1.39E-01,1.35E-01,1.30E-01,1.26E-01,1.23E-01,1.20E-01,1.16E-01,1.14E-01,1.12E-01,1.11E-01,1.10E-01,1.10E-01,1.10E-01,1.09E-01,1.07E-01,1.06E-01,1.05E-01
DB,uniboard,L21 Selkie,https://www.uniboard.com/en/panels/tfl-panels/selkie,https://www.uniboard.com/damProxy.php?request=vortek_surfaces_preview&path=/tmp/image-thumbnails/Materials/Uniboard/Packages/Images%20Web/L21_Selkie_Selkie/image-thumb__43484__uniboard360x360/L21_Selkie_Selkie_Omnia_48x24_37dpi.png&query=,#9C8F6C,2.17E-01,2.22E-01,2.05E-01,1.94E-01,1.87E-01,1.86E-01,1.91E-01,2.03E-01,2.24E-01,2.53E-01,2.75E-01,2.81E-01,2.81E-01,2.80E-01,2.78E-01,2.78E-01,2.84E-01,2.98E-01,3.15E-01,3.39E-01,3.57E-01,3.63E-01,3.64E-01,3.63E-01,3.63E-01,3.64E-01,3.64E-01,3.65E-01,3.66E-01,3.68E-01,3.69E-01
DB,uniboard,L22 Enchanted,https://www.uniboard.com/en/panels/tfl-panels/enchanted,https://www.uniboard.com/damProxy.php?request=vortek_surfaces_preview&path=/tmp/image-thumbnails/Materials/Uniboard/Packages/Images%20Web/L22_Enchant%C3%A9e_Enchanted/image-thumb__43488__uniboard360x360/L22_Enchant%C3%A9e_Enchanted_Omnia_48x24_37dpi.png&query=,#8C7B59,1.48E-01,1.50E-01,1.37E-01,1.29E-01,1.23E-01,1.21E-01,1.25E-01,1.33E-01,1.47E-01,1.67E-01,1.82E-01,1.86E-01,1.86E-01,1.85E-01,1.84E-01,1.84E-01,1.89E-01,2.00E-01,2.15E-01,2.36E-01,2.53E-01,2.59E-01,2.60E-01,2.59E-01,2.58E-01,2.59E-01,2.59E-01,2.60E-01,2.61E-01,2.62E-01,2.63E-01
DB,uniboard,L23 Hanami,https://www.uniboard.com/en/panels/tfl-panels/hanami,https://www.uniboard.com/damProxy.php?request=vortek_surfaces_preview&path=/tmp/image-thumbnails/Materials/Uniboard/Packages/Images%20Web/L23_Hanami_Hanami/image-thumb__43492__uniboard360x360/L23_Hanami_Hanami_Omnia_48x24_37dpi.png&query=,#937551,1.19E-01,1.24E-01,1.16E-01,1.10E-01,1.07E-01,1.07E-01,1.11E-01,1.19E-01,1.34E-01,1.55E-01,1.72E-01,1.77E-01,1.77E-01,1.76E-01,1.75E-01,1.77E-01,1.84E-01,2.00E-01,2.25E-01,2.61E-01,2.88E-01,2.98E-01,3.00E-01,2.99E-01,2.98E-01,3.00E-01,3.02E-01,3.04E-01,3.05E-01,3.07E-01,3.08E-01
DB,uniboard,L24 Sakura,https://www.uniboard.com/en/panels/tfl-panels/sakura,https://www.uniboard.com/damProxy.php?request=vortek_surfaces_preview&path=/tmp/image-thumbnails/Materials/Uniboard/Packages/Images%20Web/L24_Sakura_Sakura/image-thumb__43496__uniboard360x360/L24_Sakura_Sakura_Omnia_48x24_37dpi.png&query=,#A9936C,1.76E-01,1.81E-01,1.68E-01,1.59E-01,1.54E-01,1.53E-01,1.59E-01,1.70E-01,1.89E-01,2.16E-01,2.37E-01,2.42E-01,2.42E-01,2.40E-01,2.39E-01,2.39E-01,2.47E-01,2.63E-01,2.87E-01,3.24E-01,3.52E-01,3.63E-01,3.64E-01,3.62E-01,3.61E-01,3.63E-01,3.63E-01,3.64E-01,3.66E-01,3.67E-01,3.69E-01
DB,uniboard,R60 Fresco,https://www.uniboard.com/en/panels/tfl-panels/fresco,https://www.uniboard.com/damProxy.php?request=vortek_surfaces_preview&path=/tmp/image-thumbnails/Materials/Uniboard/Packages/Images%20Web/R60_Fresco_Fresco/image-thumb__36576__uniboard360x360/R60_Fresco_Fresco_Rio_48x24_37dpi.png&query=,#EBECE9,5.13E-01,5.86E-01,6.19E-01,6.34E-01,6.41E-01,6.48E-01,6.54E-01,6.58E-01,6.64E-01,6.73E-01,6.83E-01,6.90E-01,6.93E-01,6.94E-01,6.95E-01,6.93E-01,6.94E-01,6.99E-01,7.03E-01,7.05E-01,7.03E-01,7.01E-01,7.01E-01,7.00E-01,6.99E-01,7.00E-01,6.99E-01,6.97E-01,6.96E-01,6.96E-01,6.96E-01
DB,uniboard,R61 Carnaval,https://www.uniboard.com/en/panels/tfl-panels/carnaval,https://www.uniboard.com/damProxy.php?request=vortek_surfaces_preview&path=/tmp/image-thumbnails/Materials/Uniboard/Packages/Images%20Web/R61_Carnaval_Carnaval/image-thumb__36581__uniboard360x360/R61_Carnaval_Carnaval_Rio_48x24_37dpi.png&query=,#D5D4CF,,,,,,,,,,,,,,,,,,,,,,,,,,,,,,,
DB,uniboard,R63 Samba,https://www.uniboard.com/en/panels/tfl-panels/samba,https://www.uniboard.com/damProxy.php?request=vortek_surfaces_preview&path=/tmp/image-thumbnails/Materials/Uniboard/Packages/Images%20Web/R63_Samba_Samba/image-thumb__36589__uniboard360x360/R63_Samba_Samba_Rio_48x24_37dpi.png&query=,#433C33,5.49E-02,6.28E-02,6.66E-02,6.86E-02,6.99E-02,7.10E-02,7.20E-02,7.28E-02,7.41E-02,7.60E-02,7.77E-02,7.81E-02,7.79E-02,7.77E-02,7.74E-02,7.73E-02,7.82E-02,8.04E-02,8.30E-02,8.62E-02,8.82E-02,8.88E-02,8.89E-02,8.88E-02,8.87E-02,8.91E-02,8.93E-02,8.93E-02,8.92E-02,8.91E-02,8.89E-02
DB,uniboard,V05 Etrusco,https://www.uniboard.com/en/panels/tfl-panels/etrusco,https://www.uniboard.com/damProxy.php?request=vortek_surfaces_preview&path=/tmp/image-thumbnails/Materials/Uniboard/Packages/Images%20Web/V05_Etrusco_Etrusco/image-thumb__41051__uniboard360x360/V05_Etrusco_Etrusco_Lyra_48x24_37dpi.png&query=,#7C7972,,,,,,,,,,,,,,,,,,,,,,,,,,,,,,,
DB,uniboard,H53 Silva,,,#A09080,5.32E-02,5.87E-02,5.98E-02,6.01E-02,6.00E-02,6.00E-02,6.00E-02,6.00E-02,6.06E-02,6.17E-02,6.30E-02,6.35E-02,6.37E-02,6.38E-02,6.39E-02,6.41E-02,6.49E-02,6.67E-02,6.95E-02,7.33E-02,7.59E-02,7.66E-02,7.64E-02,7.61E-02,7.60E-02,7.64E-02,7.65E-02,7.67E-02,7.69E-02,7.72E-02,7.73E-02
DB,uniboard,K61 White,,,#F0F0F0,3.57E-01,3.85E-01,3.82E-01,3.78E-01,3.74E-01,3.75E-01,3.81E-01,3.92E-01,4.11E-01,4.36E-01,4.53E-01,4.55E-01,4.52E-01,4.49E-01,4.47E-01,4.46E-01,4.52E-01,4.64E-01,4.78E-01,4.96E-01,5.08E-01,5.12E-01,5.12E-01,5.10E-01,5.09E-01,5.10E-01,5.09E-01,5.09E-01,5.09E-01,5.10E-01,5.10E-01
DB,uniboard,K60 Black,,,#202020,1.90E-01,1.98E-01,1.88E-01,1.81E-01,1.77E-01,1.77E-01,1.83E-01,1.93E-01,2.10E-01,2.34E-01,2.50E-01,2.53E-01,2.52E-01,2.49E-01,2.47E-01,2.47E-01,2.52E-01,2.62E-01,2.77E-01,2.96E-01,3.10E-01,3.15E-01,3.16E-01,3.15E-01,3.14E-01,3.15E-01,3.15E-01,3.16E-01,3.17E-01,3.18E-01,3.19E-01
