Type,Adjective,Noun,ERP_Code,Note,HEX
DB,agt,3114 Supramat Sakura Pink,https://www.agtwood.com/products/panel/panel/supramat-panel/pink-daisy,https://www.agtwood.com/medium/Product/Image/b9594b22-b591-4248-b7b6-7930487de916,#BD9D94
DB,agt,3097 Supramat Olive Green,https://www.agtwood.com/products/panel/panel/supramat-panel/olive-green,https://www.agtwood.com/medium/Product/Image/77015c88-486c-441d-b6b1-2a683fdd8291,#676F52
DB,agt,3096 Supramat Havana Coffee,https://www.agtwood.com/products/panel/panel/supramat-panel/havana-coffee,https://www.agtwood.com/medium/Product/Image/3f5d84ac-c670-4660-888b-3a3a0e1a9d3f,#6E5C4A
DB,agt,3095 Supramat Victoria Grey,https://www.agtwood.com/products/panel/panel/supramat-panel/victoria-grey,https://www.agtwood.com/medium/Product/Image/89aa3d47-2167-4aaa-af57-89b8ab0e1bd2,#D1CFCC
DB,agt,3094 Supramat Sonara,https://www.agtwood.com/products/panel/panel/supramat-panel/sonara,https://www.agtwood.com/medium/Product/Image/d3f7dc7b-c574-4804-a3c6-2d3ce83b06ef,#6C6153
DB,agt,3093 Supramat Linden,https://www.agtwood.com/products/panel/panel/supramat-panel/linden,https://www.agtwood.com/medium/Product/Image/f25d00a1-c4ba-4761-9330-1e3a7c0de0e4,#787A5F
DB,agt,3092 Supramat Tobac,https://www.agtwood.com/products/panel/panel/supramat-panel/tobac,https://www.agtwood.com/medium/Product/Image/737b9c6e-3392-4f35-8b70-0ad40a0b4fc7,#885131
DB,agt,3091 Supramat Sky Blue,https://www.agtwood.com/products/panel/panel/supramat-panel/sky-blue,https://www.agtwood.com/medium/Product/Image/2687a059-6aa2-44a4-8ac2-4ecd8b3cd990,#38414C
DB,agt,3019 Supramat Sahara Cream,https://www.agtwood.com/products/panel/panel/supramat-panel/sahara-cream,https://www.agtwood.com/medium/Product/Image/94a925a1-13d2-4d68-837f-ab5f0597d443,#C8BFAE
DB,agt,3022 Supramat Royal Grey,https://www.agtwood.com/products/panel/panel/supramat-panel/royal-grey,https://www.agtwood.com/medium/Product/Image/d8db0629-14ff-4788-aa4e-2c1633107cc8,#5E5C5B
DB,agt,3025 Supramat Bitter,https://www.agtwood.com/products/panel/panel/supramat-panel/bitter,https://www.agtwood.com/medium/Product/Image/563b2aef-b521-4186-8252-171430621488,#4A4643
DB,agt,3010 Supramat Pearl Black,https://www.agtwood.com/products/panel/panel/supramat-panel/pearl-black,https://www.agtwood.com/medium/Product/Image/2279a1a3-ea48-42db-8347-7a9538a80a35,#1B1E25
DB,agt,3023 Supramat Dolphin Grey,https://www.agtwood.com/products/panel/panel/supramat-panel/dolphin-grey,https://www.agtwood.com/medium/Product/Image/a67f9076-678b-4840-b838-9e147ba874d1,#39383C
DB,agt,3024 Supramat Pebble Grey,https://www.agtwood.com/products/panel/panel/supramat-panel/pebble-grey,https://www.agtwood.com/medium/Product/Image/0f752ca0-0e92-4883-9c44-446c76597f22,#9B9A98
DB,agt,3014 Supramat Cloudy Grey,https://www.agtwood.com/products/panel/panel/supramat-panel/cloudy-grey,https://www.agtwood.com/medium/Product/Image/9f4234a0-fbac-47a5-8bf8-4f65603dbec3,#4B4E55
DB,agt,3026 Supramat Rustic Red,https://www.agtwood.com/products/panel/panel/supramat-panel/rustic-red,https://www.agtwood.com/medium/Product/Image/09bc7468-39e8-464b-9191-fa85b51b1848,#8B4543
DB,agt,3011 Supramat London Blue,https://www.agtwood.com/products/panel/panel/supramat-panel/london-blue,https://www.agtwood.com/medium/Product/Image/585a7be7-db24-4782-80a6-28bc15611532,#0F2435
DB,agt,3029 Supramat Glamorous Pacific,https://www.agtwood.com/products/panel/panel/supramat-panel/glamorous-pacific,https://www.agtwood.com/medium/Product/Image/96ee5c4a-56ba-4991-9f2a-c1be22815cfe,#224B4F
DB,agt,3027 Supramat Forest Green,https://www.agtwood.com/products/panel/panel/supramat-panel/forest-green,https://www.agtwood.com/medium/Product/Image/d11b4e53-39fd-4f35-ad25-9b46a59b8d47,#3B4D44
DB,agt,3017 Supramat Timeless Grey,https://www.agtwood.com/products/panel/panel/supramat-panel/timeless-grey,https://www.agtwood.com/medium/Product/Image/7151b5c4-858a-4c9a-92b7-59392b46b755,#888D95
DB,agt,3021 Supramat Ice Grey,https://www.agtwood.com/products/panel/panel/supramat-panel/ice-grey,https://www.agtwood.com/medium/Product/Image/f96269a8-17b4-4c41-8ecf-1192118e409f,#D1D3D4
DB,agt,3015 Supramat Macaron Green,https://www.agtwood.com/products/panel/panel/supramat-panel/macaron-green,https://www.agtwood.com/medium/Product/Image/54102c26-08a6-48e8-996a-6d28a4428a9c,#8B9691
DB,agt,3020 Supramat Safari Grey,https://www.agtwood.com/products/panel/panel/supramat-panel/safari-grey,https://www.agtwood.com/medium/Product/Image/6a880f97-940e-45e4-a672-3ef782b2b0a7,#8C8A86
DB,agt,3013 Supramat Breeze Beige,https://www.agtwood.com/products/panel/panel/supramat-panel/breeze-beige,https://www.agtwood.com/medium/Product/Image/e99d1965-28e5-4f19-8969-0ca7a310134d,#CACABE
DB,agt,3012 Supramat Snow White,https://www.agtwood.com/products/panel/panel/supramat-panel/snow-white,https://www.agtwood.com/medium/Product/Image/983f01dc-adae-4cce-b6e0-6315136ea2c1,#FFFFFF
DB,agt,3018 Supramat Moonlight,https://www.agtwood.com/products/panel/panel/supramat-panel/moonlight,https://www.agtwood.com/medium/Product/Image/f579270c-064b-489a-a954-b32005b701e4,#E9EBEC
DB,agt,3028 Supramat Pearl White,https://www.agtwood.com/products/panel/panel/supramat-panel/pearl-white,https://www.agtwood.com/medium/Product/Image/51280ede-6db3-4c49-9086-73c524ef3a43,#FAFAFA
DB,agt,3050 3P Leaf Green,https://www.agtwood.com/products/panel/panel/3p-panel/leaf-green,https://www.agtwood.com/medium/Product/Image/e39ee021-25c2-46db-a0a8-b7533e0e0109,#485A52
DB,agt,3051 3P Caretta Green,https://www.agtwood.com/products/panel/panel/3p-panel/caretta-green,https://www.agtwood.com/medium/Product/Image/62422382-9658-4640-8969-2ecce4af3645,#626B4A
DB,agt,3049 3P Deep Blue,https://www.agtwood.com/products/panel/panel/3p-panel/deep-blue,https://www.agtwood.com/medium/Product/Image/2bc629f5-738c-4086-9b85-22b527ccc0c3,#323A48
DB,agt,3058 3P Slate Coffee,https://www.agtwood.com/products/panel/panel/3p-panel/slate-coffee,https://www.agtwood.com/medium/Product/Image/d386ec98-0673-48df-85f2-67490e2fd4a5,#625D56
DB,agt,3056 3P Slate Cream,https://www.agtwood.com/products/panel/panel/3p-panel/slate-cream,https://www.agtwood.com/medium/Product/Image/38d36907-d633-46c7-b593-1768abb0b6b1,#D0C4B5
DB,agt,3069 3P Slate Beige,https://www.agtwood.com/products/panel/panel/3p-panel/slate-beige,https://www.agtwood.com/medium/Product/Image/4fd20b03-29c5-4748-a12d-ca9f459973e9,#AEA08E
DB,agt,3066 3P Limba Light Grey,https://www.agtwood.com/products/panel/panel/3p-panel/limba-light-grey,https://www.agtwood.com/medium/Product/Image/a4368d0a-b4ca-4232-a02e-bac6073ae7de,#C6C1B7
DB,agt,3057 3P Slate Gray,https://www.agtwood.com/products/panel/panel/3p-panel/slate-gray,https://www.agtwood.com/medium/Product/Image/b0233594-714b-48c3-9508-7e3b403068d7,#403E38
DB,agt,3062 3P Croco Blue,https://www.agtwood.com/products/panel/panel/3p-panel/croco-blue,https://www.agtwood.com/medium/Product/Image/3b904524-7d3f-45f9-bb6e-18886fb4df1d,#B3B6B5
DB,agt,3063 3P Croco Grey,https://www.agtwood.com/products/panel/panel/3p-panel/croco-grey,https://www.agtwood.com/medium/Product/Image/904f30ba-99f9-4e80-8b2f-add300c9c7ce,#97948E
DB,agt,3060 3P Textile Vison,https://www.agtwood.com/products/panel/panel/3p-panel/textile-vison,https://www.agtwood.com/medium/Product/Image/96520e57-acbd-4984-9ad4-bbe3cdb64179,#A5A194
DB,agt,3059 3P Textile Light,https://www.agtwood.com/products/panel/panel/3p-panel/textile-light,https://www.agtwood.com/medium/Product/Image/8259670d-268c-4888-a311-62c36fdb7287,#E3E1D9
DB,agt,3061 3P Timber Light,https://www.agtwood.com/products/panel/panel/3p-panel/timber-light,https://www.agtwood.com/medium/Product/Image/06e9b396-1bff-4843-8f99-d81467c362d4,#C3B9A3
DB,agt,3047 3P Night Black,https://www.agtwood.com/products/panel/panel/3p-panel/night-black,https://www.agtwood.com/medium/Product/Image/573cb86f-e568-4008-bb81-22896df552bd,#0C0E0E
DB,agt,3048 3P Elite Grey,https://www.agtwood.com/products/panel/panel/3p-panel/elite-grey,https://www.agtwood.com/medium/Product/Image/bff8dc5c-5d3e-4bdd-8e27-380683d05aca,#434343
DB,agt,3055 3P Polar White,https://www.agtwood.com/products/panel/panel/3p-panel/polar-white,https://www.agtwood.com/medium/Product/Image/389d7a4f-8404-4a35-a913-b27b6cb3876e,#FBF9F6
DB,agt,3052 3P Comfort Grey,https://www.agtwood.com/products/panel/panel/3p-panel/comfort-grey,https://www.agtwood.com/medium/Product/Image/bfae6c54-2099-4c8d-88ae-f75aa8211adc,#96958F
DB,agt,3053 3P Vintage Beige,https://www.agtwood.com/products/panel/panel/3p-panel/vintage-beige,https://www.agtwood.com/medium/Product/Image/5bf565b8-7dc5-414a-9dee-3baf8544af46,#CEC5B0
DB,agt,3054 3P Latte Cream,https://www.agtwood.com/products/panel/panel/3p-panel/latte-cream,https://www.agtwood.com/medium/Product/Image/35c66aa9-9a16-4449-9e32-fdb8ec85a999,#EBD9BD
DB,agt,3071 3P Timber Grey,https://www.agtwood.com/products/panel/panel/3p-panel/timber-grey,https://www.agtwood.com/medium/Product/Image/bd0d3619-8348-49c8-8650-a552e55185be,#706A5F
DB,agt,3064 3P Croco Cream,https://www.agtwood.com/products/panel/panel/3p-panel/croco-cream,https://www.agtwood.com/medium/Product/Image/eaa4aa0a-9ab4-4e6e-92b8-42e8b780695b,#F1EDE9
DB,agt,3112 Trendy Luna Inox,https://www.agtwood.com/products/panel/panel/trendy-panel/luna-inox,https://www.agtwood.com/medium/Product/Image/8b9be83d-2efc-4d94-ae2d-4b1a9898a3bb,#CFCFD1
DB,agt,3113 Trendy Linearbrushed Metal,https://www.agtwood.com/products/panel/panel/trendy-panel/linearbrushed-metal,https://www.agtwood.com/medium/Product/Image/d2e61c2f-db06-4cb9-a841-ede10a739db0,#A4A3A0
DB,agt,3108 Trendy Silk Grey,https://www.agtwood.com/products/panel/panel/trendy-panel/silk-grey,https://www.agtwood.com/medium/Product/Image/cf2b0e8e-1317-4fed-ad67-9e0a2f49cf62,#6E797A
DB,agt,3109 Trendy Graphite Grey,https://www.agtwood.com/products/panel/panel/trendy-panel/graphite-grey,https://www.agtwood.com/medium/Product/Image/c1714683-0789-46d4-a12c-0394cd65ac1c,#3F403D
DB,agt,3110 Trendy Orbit Copper,https://www.agtwood.com/products/panel/panel/trendy-panel/orbit-copper,https://www.agtwood.com/medium/Product/Image/723d35c5-deb7-4176-8396-4a89231e6c0b,#BA926C
DB,agt,3111 Trendy Orbit Inox,https://www.agtwood.com/products/panel/panel/trendy-panel/orbit-inox,https://www.agtwood.com/medium/Product/Image/cfb06e2e-975f-47c4-9db5-0f9b2c7b0429,#AEAB9D
DB,agt,3103 Trendy Linea Brown,https://www.agtwood.com/products/panel/panel/trendy-panel/linea-brown,https://www.agtwood.com/medium/Product/Image/70ff1594-e8de-474a-a73b-3d28b8ed27e3,#6F614F
DB,agt,3104 Trendy Moongrain Brown,https://www.agtwood.com/products/panel/panel/trendy-panel/moongrain-brown,https://www.agtwood.com/medium/Product/Image/7a0d6aed-d13b-4ac4-8645-1be2795d200a,#636051
DB,agt,3105 Trendy Mint Green,https://www.agtwood.com/products/panel/panel/trendy-panel/mint-green,https://www.agtwood.com/medium/Product/Image/9cf44c69-36e4-4d4f-a435-ee56935110f6,#CDD7CE
DB,agt,3106 Trendy Midnight Blue,https://www.agtwood.com/products/panel/panel/trendy-panel/midnight-blue,https://www.agtwood.com/medium/Product/Image/b9be5d98-ba04-4675-92b8-1b672ea7b7d8,#1C3754
DB,agt,3107 Trendy Space Metal,https://www.agtwood.com/products/panel/panel/trendy-panel/space-metal,https://www.agtwood.com/medium/Product/Image/a05292f1-331f-4ecf-a666-c401607ea1f2,#DFE0DF
DB,agt,3099 Trendy Nordic Oak,https://www.agtwood.com/products/panel/panel/trendy-panel/nordic-oak,https://www.agtwood.com/medium/Product/Image/3c4504b9-fc3e-46b6-bde6-871d25c15859,#DCB78C
DB,agt,3098 Trendy Stone Vison,https://www.agtwood.com/products/panel/panel/trendy-panel/stone-vison,https://www.agtwood.com/medium/Product/Image/e4a4bd7a-5e62-464b-a2bc-154faa10efa8,#AC9D87
DB,agt,670 Trendy Galaxy White,https://www.agtwood.com/products/panel/panel/trendy-panel/hg-galaxy-white,https://www.agtwood.com/medium/Product/Image/ed44ab6a-e74a-438b-a80e-7ed326d536d5,#BCBCBC
DB,agt,3076 Trendy Classic Oak,https://www.agtwood.com/products/panel/panel/trendy-panel/classic-oak,https://www.agtwood.com/medium/Product/Image/8900f642-e647-4632-8f6a-fe6bd8c068fd,#D2B382
DB,agt,3078 Trendy Milling Oak,https://www.agtwood.com/products/panel/panel/trendy-panel/milling-oak,https://www.agtwood.com/medium/Product/Image/59905ff8-3acc-4bbe-a05a-7acee1e1841d,#978670
DB,agt,6026 Trendy Spectrum Rose,https://www.agtwood.com/products/panel/panel/trendy-panel/spectrum-rose,https://www.agtwood.com/medium/Product/Image/718a9c42-68d7-4a25-94b4-aceb9192649f,#7C6958
DB,agt,3081 Trendy Ardoise,https://www.agtwood.com/products/panel/panel/trendy-panel/ardoise,https://www.agtwood.com/medium/Product/Image/663fc372-6e89-4f24-9de4-335bcc9aa730,#2C2B30
DB,agt,3079 Trendy Wooden Oak,https://www.agtwood.com/products/panel/panel/trendy-panel/wooden-oak,https://www.agtwood.com/medium/Product/Image/8f2e2c76-8825-4cd6-8fdd-6e5b5fbefa73,#6A492D
DB,agt,6023 Trendy Spectrum Light,https://www.agtwood.com/products/panel/panel/trendy-panel/spectrum-light,https://www.agtwood.com/medium/Product/Image/794aa819-40be-49c4-abb3-bfced663a1df,#7D776B
DB,agt,3080 Trendy Pearl Marble,https://www.agtwood.com/products/panel/panel/trendy-panel/pearl-marble,https://www.agtwood.com/medium/Product/Image/3d3c2e18-ca2b-4176-87a6-e28bf9579be0,#EBEAEA
DB,agt,3075 Trendy Tokyo White,https://www.agtwood.com/products/panel/panel/trendy-panel/tokyo-white,https://www.agtwood.com/medium/Product/Image/9ea07f93-b013-4366-b734-6434bcd5a5af,#EEE9E4
DB,agt,3077 Trendy Sooty Oak,https://www.agtwood.com/products/panel/panel/trendy-panel/sooty-oak,https://www.agtwood.com/medium/Product/Image/cf53face-7bf5-46e7-856d-6532b264eba9,#4E4032
DB,agt,6025 Trendy Spectrum Blue,https://www.agtwood.com/products/panel/panel/trendy-panel/spectrum-blue,https://www.agtwood.com/medium/Product/Image/dd0840f9-7038-4aca-8102-cfd57f69612e,#6C6F69
DB,agt,6024 Trendy Spectrum Dark,https://www.agtwood.com/products/panel/panel/trendy-panel/spectrum-dark,https://www.agtwood.com/medium/Product/Image/7e31df5f-0d03-4a42-bf12-6b8aa6928212,#887B72
DB,agt,740 Trendy Beige Grey,https://www.agtwood.com/products/panel/panel/trendy-panel/soft-touch-beige-grey,https://www.agtwood.com/medium/Product/Image/d6503c13-bbb2-4e1d-afd9-620c7e5dce8a,#6B6C5B
DB,agt,738 Trendy Clay,https://www.agtwood.com/products/panel/panel/trendy-panel/soft-touch-clay,https://www.agtwood.com/medium/Product/Image/27a9ce96-6d9b-44f3-a341-511c985bade5,#945444
DB,agt,3074 Trendy Tokyo Grey,https://www.agtwood.com/products/panel/panel/trendy-panel/tokyo-grey,https://www.agtwood.com/medium/Product/Image/9a93b22a-3af3-433c-b70e-b2d96b9d6c20,#AFABA0
DB,agt,398 Trendy Super Matt Light Cream,https://www.agtwood.com/products/panel/panel/trendy-panel/super-matt-light-cream,https://www.agtwood.com/medium/Product/Image/0ed7ed4d-b3d2-4b98-8300-667c4c4362fe,#F4EEE4
DB,agt,6016 Trendy Onyx Grey,https://www.agtwood.com/products/panel/panel/trendy-panel/hg-onyx-grey,https://www.agtwood.com/medium/Product/Image/487a59ae-408e-499b-94f4-b87728c76506,#B5B9B7
DB,agt,3001 Trendy Super Matt Light Grey,https://www.agtwood.com/products/panel/panel/trendy-panel/super-matt-light-grey,https://www.agtwood.com/medium/Product/Image/3f9a8f61-974c-468c-beb0-524fd1a1baf2,#F9F9F5
DB,agt,399 Trendy Matt Studio Grey,https://www.agtwood.com/products/panel/panel/trendy-panel/matt-studio-grey,https://www.agtwood.com/medium/Product/Image/08e6ca76-5dd8-4eba-8336-910551245ddd,#9DA09F
DB,agt,6015 Trendy Diamond Gray,https://www.agtwood.com/products/panel/panel/trendy-panel/hg-diamond-gray,https://www.agtwood.com/medium/Product/Image/4defe06f-4c47-46e0-a028-45e6d51dafff,#908E87
DB,agt,6013 Trendy Light Gray,https://www.agtwood.com/products/panel/panel/trendy-panel/hg-light-gray,https://www.agtwood.com/medium/Product/Image/3d2bbb13-2374-4d54-b8a3-a9e5552a034c,#F1F1ED
DB,agt,678 Trendy Galaxy Cream,https://www.agtwood.com/products/panel/panel/trendy-panel/hg-galaxy-cream,https://www.agtwood.com/medium/Product/Image/21ce1d52-1f68-4d9d-93b5-80fb59fd10c4,#FEEFCE
DB,agt,737 Trendy Siena Wood,https://www.agtwood.com/products/panel/panel/trendy-panel/soft-touch-siena-wood,https://www.agtwood.com/medium/Product/Image/f353ea67-9e47-496c-ae8c-54177c54e815,#836958
DB,agt,640 Trendy Galaxy Honey Mist,https://www.agtwood.com/products/panel/panel/trendy-panel/hg-galaxy-honey-mist,https://www.agtwood.com/medium/Product/Image/9a4d2b4c-0b80-4197-8503-e642c6cd6382,#B49D7D
DB,agt,608 Trendy Metallic Anthracite,https://www.agtwood.com/products/panel/panel/trendy-panel/hg-metallic-anthracite,https://www.agtwood.com/medium/Product/Image/9544be5a-92af-4579-ac33-df2b3ff50778,#484D4D
DB,agt,3006 Trendy Super Matt Galaxy White,https://www.agtwood.com/products/panel/panel/trendy-panel/super-matt-galaxy-white,https://www.agtwood.com/medium/Product/Image/72e1aac9-537a-4687-a63d-6e8d9bd6b8a2,#F8FAF7
DB,agt,397 Trendy Natural Touch Oak,https://www.agtwood.com/products/panel/panel/trendy-panel/natural-touch-oak,https://www.agtwood.com/medium/Product/Image/f2eba50c-22ed-4817-b4c9-92033f9f1d23,#BF996E
DB,agt,387 Trendy Matt Cashmere Gray,https://www.agtwood.com/products/panel/panel/trendy-panel/matt-cashmere-gray,https://www.agtwood.com/medium/Product/Image/3d05ac28-f9b6-4a23-8701-07f67e2382d2,#8E897F
DB,agt,385 Trendy Matt Cashmere Cream,https://www.agtwood.com/products/panel/panel/trendy-panel/matt-cashmere-cream,https://www.agtwood.com/medium/Product/Image/9dbf595a-978d-401b-bf21-fb0a5ed87a73,#FEF8EA
DB,agt,384 Trendy Matt Cashmere Gold,https://www.agtwood.com/products/panel/panel/trendy-panel/matt-cashmere-gold,https://www.agtwood.com/medium/Product/Image/ffca5432-14b0-47ae-8028-4227e5fc9243,#383125
DB,agt,394 Trendy Picasso Inoks,https://www.agtwood.com/products/panel/panel/trendy-panel/picasso-inoks,https://www.agtwood.com/medium/Product/Image/022ab480-2f65-46d6-8cff-9ea19be761a4,#84725D
DB,agt,383 Trendy Matt Cashmere White,https://www.agtwood.com/products/panel/panel/trendy-panel/matt-cashmere-white,https://www.agtwood.com/medium/Product/Image/ff4d8019-7e3e-4031-b485-4616ee79f0de,#F5F5FE
DB,agt,395 Trendy Picasso Gold,https://www.agtwood.com/products/panel/panel/trendy-panel/picasso-gold,https://www.agtwood.com/medium/Product/Image/7cc5535a-1f24-4ef3-afdc-b2a248fdfe93,#B5985B
DB,agt,388 Trendy Toledo Light Wood,https://www.agtwood.com/products/panel/panel/trendy-panel/toledo-light-wood,https://www.agtwood.com/medium/Product/Image/250c3e99-6b73-440c-bf8b-e68e34c6400b,#886F59
DB,agt,6007 Trendy Ephesus White,https://www.agtwood.com/products/panel/panel/trendy-panel/hg-ephesus-white,https://www.agtwood.com/medium/Product/Image/051566c9-af2e-450b-93db-6160a784abdc,#F8F7F1
DB,agt,6019 Trendy Toros Black Marble,https://www.agtwood.com/products/panel/panel/trendy-panel/hg-toros-black-marble,https://www.agtwood.com/medium/Product/Image/48585dcf-761e-4d3e-94d0-c09187ee7b19,#262424
DB,agt,6018 Trendy Toros White Marble,https://www.agtwood.com/products/panel/panel/trendy-panel/hg-toros-white-marble,https://www.agtwood.com/medium/Product/Image/773eca75-9a8e-4024-9d90-e92be9086c86,#E3E3E3
DB,agt,389 Trendy Toledo Dark Wood,https://www.agtwood.com/products/panel/panel/trendy-panel/toledo-dark-wood,https://www.agtwood.com/medium/Product/Image/17d30d60-0b57-47e7-96d9-5ce039810661,#3D3127
DB,agt,627 Trendy Milano Walnut,https://www.agtwood.com/products/panel/panel/trendy-panel/hg-milano-walnut,https://www.agtwood.com/medium/Product/Image/aac9544d-438f-48d2-a748-96b39a3cca66,#6F552A
DB,agt,6002 Trendy New Black,https://www.agtwood.com/products/panel/panel/trendy-panel/hg-new-black,https://www.agtwood.com/medium/Product/Image/55653f11-f3ba-44f4-8592-f7b59245229d,#000003
DB,agt,6022 Trendy Anthracite,https://www.agtwood.com/products/panel/panel/trendy-panel/hg-anthracite,https://www.agtwood.com/medium/Product/Image/c177e323-09ee-416d-9b69-e6bfd7458755,#282625
DB,agt,6017 Trendy Cool Gri,https://www.agtwood.com/products/panel/panel/trendy-panel/hg-cool-gri,https://www.agtwood.com/medium/Product/Image/04ba52b4-8c13-44c2-9aae-e64e166399bf,#515356
DB,agt,3032 Trendy Matt Stone Loft,https://www.agtwood.com/products/panel/panel/trendy-panel/matt-stone-loft,https://www.agtwood.com/medium/Product/Image/dcd55f2e-52c5-41ad-9e9f-28566d56497d,#6A665F
DB,agt,878 Trendy New Vison,https://www.agtwood.com/products/panel/panel/trendy-panel/hg-new-vison,https://www.agtwood.com/medium/Product/Image/470cab7a-0963-456d-895b-6508cbd4c886,#A4947B
DB,agt,623 Trendy Vison,https://www.agtwood.com/products/panel/panel/trendy-panel/hg-vison,https://www.agtwood.com/medium/Product/Image/b8d69250-1133-43c5-bc3d-09b545df9eaa,#B7B29E
DB,agt,699 Trendy Metallic White,https://www.agtwood.com/products/panel/panel/trendy-panel/hg-metallic-white,https://www.agtwood.com/medium/Product/Image/80d2b3fa-4973-40f8-8b63-6311e7f8db03,#F0EEE0
DB,agt,6021 Trendy Chrome Gray,https://www.agtwood.com/products/panel/panel/trendy-panel/hg-chrome-gray,https://www.agtwood.com/medium/Product/Image/0db773a2-31a0-466c-a93f-d5aa83f54c9c,#76817E
DB,agt,6008 Trendy Deluxe Gray,https://www.agtwood.com/products/panel/panel/trendy-panel/hg-deluxe-gray,https://www.agtwood.com/medium/Product/Image/f6ca9f89-ade1-4ad6-8f31-bcdb5c2bca3c,#D7CEC3
DB,agt,605 Trendy Cream,https://www.agtwood.com/products/panel/panel/trendy-panel/hg-cream,https://www.agtwood.com/medium/Product/Image/10ea73d3-ff63-48d2-9d49-e2f2125f5d96,#FDF7EB
DB,agt,647 Trendy Bianco,https://www.agtwood.com/products/panel/panel/trendy-panel/hg-bianco,https://www.agtwood.com/medium/Product/Image/1e3ccf60-8ba6-4af7-8d3d-06ba8b14917f,#FFFBE9
DB,agt,723 Trendy Black,https://www.agtwood.com/products/panel/panel/trendy-panel/soft-touch-black,https://www.agtwood.com/medium/Product/Image/70141ed1-1bd8-43a1-a524-b3a88e57daae,#000001
DB,agt,726 Trendy Storm Gray,https://www.agtwood.com/products/panel/panel/trendy-panel/soft-touch-storm-gray,https://www.agtwood.com/medium/Product/Image/96cb5fb7-ac68-431b-8536-b5c986580a00,#48544C
DB,agt,728 Trendy Rock Gray,https://www.agtwood.com/products/panel/panel/trendy-panel/soft-touch-rock-gray,https://www.agtwood.com/medium/Product/Image/f4b8af8b-7d67-4f34-a8ba-b35fdee5f6c5,#868776
DB,agt,736 Trendy Ocean Blue,https://www.agtwood.com/products/panel/panel/trendy-panel/soft-touch-ocean-blue,https://www.agtwood.com/medium/Product/Image/fc6f15a3-9ffc-4157-8201-25ba79a803aa,#2A3B4C
DB,agt,735 Trendy Relax Green,https://www.agtwood.com/products/panel/panel/trendy-panel/soft-touch-relax-green,https://www.agtwood.com/medium/Product/Image/b18ba9f8-beee-4b14-8b10-e6d855c3da5f,#A5C6B9
DB,agt,732 Trendy Vison,https://www.agtwood.com/products/panel/panel/trendy-panel/soft-touch-vison,https://www.agtwood.com/medium/Product/Image/ff4ab04b-e11b-4173-b25b-9c48c5a0ef3e,#BFA78D
DB,agt,729 Trendy New Gray,https://www.agtwood.com/products/panel/panel/trendy-panel/soft-touch-new-gray,https://www.agtwood.com/medium/Product/Image/80a51a8d-bd2e-4fe3-b94f-6fbf0fd551e0,#C1BDA4
DB,agt,730 Trendy Cream,https://www.agtwood.com/products/panel/panel/trendy-panel/soft-touch-cream,https://www.agtwood.com/medium/Product/Image/8149b06c-0d69-4b17-a12a-0c2c996672d3,#E1E0D0
DB,agt,734 Trendy White,https://www.agtwood.com/products/panel/panel/trendy-panel/soft-touch-white,https://www.agtwood.com/medium/Product/Image/c32d16e8-2a02-472e-b9ad-c182b295f760,#F4F4F4
DB,agt,390 Trendy Matt Stone Gray,https://www.agtwood.com/products/panel/panel/trendy-panel/matt-stone-gray,https://www.agtwood.com/medium/Product/Image/23101654-604f-4c82-ad6e-b5cdeae0e290,#A9B29C
DB,agt,391 Trendy Matt Stone Beige,https://www.agtwood.com/products/panel/panel/trendy-panel/matt-stone-beige,https://www.agtwood.com/medium/Product/Image/58623839-ab8c-4ca7-9e47-82b4b5927137,#D4D6BE
DB,agt,601 Trendy White,https://www.agtwood.com/products/panel/panel/trendy-panel/hg-white,https://www.agtwood.com/medium/Product/Image/c98acace-661c-4201-abbd-b6c874a15c95,#F8F8F8
DB,agt,3038 Trendy Vermont Oak,https://www.agtwood.com/products/panel/panel/trendy-panel/vermont-oak,https://www.agtwood.com/medium/Product/Image/699a7edb-d78e-43fd-9add-84effb1054ba,#403934
DB,agt,3037 Trendy Texas Oak,https://www.agtwood.com/products/panel/panel/trendy-panel/texas-oak,https://www.agtwood.com/medium/Product/Image/4284324a-c57c-49a7-a45d-fb0542a3561f,#5C483B
DB,agt,739 Trendy Yellow,https://www.agtwood.com/products/panel/panel/trendy-panel/soft-touch-yellow,https://www.agtwood.com/medium/Product/Image/3d5b0f91-f6dc-4d45-94f0-a9f00cdede1b,#F7BA16
DB,agt,3041 Trendy Peru Oak,https://www.agtwood.com/products/panel/panel/trendy-panel/peru-oak,https://www.agtwood.com/medium/Product/Image/3885efac-a042-422a-9746-34ecf5630875,#896B46
DB,agt,3040 Trendy Orlando Oak,https://www.agtwood.com/products/panel/panel/trendy-panel/orlando-oak,https://www.agtwood.com/medium/Product/Image/15703cbc-3c71-4ffc-bb4a-7cb99dc34b86,#B0ABAA
DB,agt,6020 Trendy Trend Gray,https://www.agtwood.com/products/panel/panel/trendy-panel/hg-trend-gray,https://www.agtwood.com/medium/Product/Image/75a61401-f02d-45ea-be20-2179ac112bfd,#CED0C7
DB,agt,3039 Trendy Delphi Oak,https://www.agtwood.com/products/panel/panel/trendy-panel/delphi-oak,https://www.agtwood.com/medium/Product/Image/f694c4c8-4e5e-4c22-b7b5-98378d4ceaa8,#CFA783
DB,agt,3043 Trendy Alaska Oak,https://www.agtwood.com/products/panel/panel/trendy-panel/alaska-oak,https://www.agtwood.com/medium/Product/Image/da341c4c-fb59-43a4-b68c-aeb3938ce9bd,#E6E9E6
DB,agt,3042 Trendy Akra Oak,https://www.agtwood.com/products/panel/panel/trendy-panel/akra-oak,https://www.agtwood.com/medium/Product/Image/0a45ef2c-bd6d-4857-bd9e-4a63695df3e9,#67635A
DB,agt,LB-8010 3D Wall Covering LUXIA,https://www.agtwood.com/products/panel/3d-wall-covering/decorative-wall-covering/lb-8010,https://www.agtwood.com/medium/Product/Image/e058acc9-4bb4-4905-bef6-6799afee1128,#6D6D6D
DB,agt,LB-8020 3D Wall Covering LUXIA,https://www.agtwood.com/products/panel/3d-wall-covering/decorative-wall-covering/lb-8020,https://www.agtwood.com/medium/Product/Image/e6405815-0987-49f9-af45-b2aea8a66381,#636363
DB,agt,LB-8030 3D Wall Covering LUXIA,https://www.agtwood.com/products/panel/3d-wall-covering/decorative-wall-covering/lb-8030,https://www.agtwood.com/medium/Product/Image/cc247cac-8c1b-4074-b94c-f9c0aac4f7e3,#727272
DB,agt,LB-8000 3D Wall Covering PANART,https://www.agtwood.com/products/panel/3d-wall-covering/decorative-wall-covering/panart,https://www.agtwood.com/medium/Product/Image/c231d406-4fce-43fc-aa46-072b9b24d734,#6F6251
DB,agt,LB-6680 3D Wall Covering LB-6680,https://www.agtwood.com/products/panel/3d-wall-covering/decorative-wall-covering/lb-6680,https://www.agtwood.com/medium/Product/Image/b16fc925-9528-49ef-be90-f0ed5fa15ec5,#AFAFAE
DB,agt,LB-3671 3D Wall Covering Lineer Arte,https://www.agtwood.com/products/panel/3d-wall-covering/decorative-wall-covering/lineer-arte-lb-3671,https://www.agtwood.com/medium/Product/Image/50472339-19e8-432d-8941-384a0b5251ca,#868687
DB,agt,LB 3771-Y 3D Wall Covering LB 3771-Y,https://www.agtwood.com/products/panel/3d-wall-covering/decorative-wall-covering/lb-3771-y,https://www.agtwood.com/medium/Product/Image/97127c69-dbe5-411f-8594-445d0d45ddf1,#989490
DB,agt,LB-2200-M 3D Wall Covering LB-2200-M,https://www.agtwood.com/products/panel/3d-wall-covering/decorative-wall-covering/lb-2200-m,https://www.agtwood.com/medium/Product/Image/7da1e1fa-7572-49f3-baa1-805d3c34b82c,#9C9C9D
DB,agt,LB 3771 3D Wall Covering LB 3771,https://www.agtwood.com/products/panel/3d-wall-covering/decorative-wall-covering/lb-3771,https://www.agtwood.com/medium/Product/Image/1e8f4f32-788c-494f-b32b-7c91eff23a71,#909091
DB,agt,LB-2200-Y 3D Wall Covering LB-2200-Y,https://www.agtwood.com/products/panel/3d-wall-covering/decorative-wall-covering/lb-2200-y,https://www.agtwood.com/medium/Product/Image/cdcecf39-70b7-4120-a989-9c4909a478bd,#BBBBBB
DB,agt,MP-7057 3D Wall Covering MP-7057,https://www.agtwood.com/products/panel/3d-wall-covering/decorative-wall-covering/mp-7057,https://www.agtwood.com/medium/Product/Image/2084c168-ffbb-45dd-a9e7-34cf761d9c0b,#989798
DB,agt,LB-2050 3D Wall Covering LB-2050,https://www.agtwood.com/products/panel/3d-wall-covering/decorative-wall-covering/lb-2050,https://www.agtwood.com/medium/Product/Image/568e063e-aafb-4385-a593-d42a9aa7b709,#A39F9B
DB,agt,LB-3783 3D Wall Covering LB-3783,https://www.agtwood.com/products/panel/3d-wall-covering/decorative-wall-covering/lb-3783,https://www.agtwood.com/medium/Product/Image/cf140364-fe50-4a16-b9ab-0b4b78008b7c,#818081
DB,agt,LB-2250 3D Wall Covering LB-2250,https://www.agtwood.com/products/panel/3d-wall-covering/decorative-wall-covering/lb-2250,https://www.agtwood.com/medium/Product/Image/69fa25e7-f3aa-491b-9973-fd49d4489861,#A1A1A2
DB,agt,LB 6500 3D Wall Covering LB 6500,https://www.agtwood.com/products/panel/3d-wall-covering/decorative-wall-covering/lb-6500,https://www.agtwood.com/medium/Product/Image/03f69093-23b5-4a1b-9a73-77974a39b3ce,#C3B7A9
DB,agt,LB-3786 3D Wall Covering LB-3786,https://www.agtwood.com/products/panel/3d-wall-covering/decorative-wall-covering/lb-3786,https://www.agtwood.com/medium/Product/Image/4cd6baf7-bcd0-423f-8354-5e54b04afe44,#848485
DB,agt,LB-3821 3D Wall Covering LB-3821,https://www.agtwood.com/products/panel/3d-wall-covering/decorative-wall-covering/lb-3821,https://www.agtwood.com/medium/Product/Image/dcb3a481-260a-4d37-a3fa-ed3f0f295bfb,#A19990
DB,agt,LB-2003 3D Wall Covering LB-2003,https://www.agtwood.com/products/panel/3d-wall-covering/decorative-wall-covering/lb-2003,https://www.agtwood.com/medium/Product/Image/637fad68-3430-41c1-9145-3a8cf8956ab3,#959596
DB,agt,AP-6011 3D Wall Covering ECHOART,https://www.agtwood.com/products/panel/3d-wall-covering/acoustic-wall-covering/echoart,https://www.agtwood.com/medium/Product/Image/dbe6e3c9-52d7-4066-a415-f692ab64f9e5,#80705E
DB,agt,AP-6019 3D Wall Covering ECHOART,https://www.agtwood.com/products/panel/3d-wall-covering/acoustic-wall-covering/acoustic,https://www.agtwood.com/medium/Product/Image/0e65a336-9ee6-430c-8945-934adc5181e9,#8B7056
DB,agt,5014 3D Wall Covering LB-5014 Acoustic,https://www.agtwood.com/products/panel/3d-wall-covering/acoustic-wall-covering/lb-5014-acoustic,https://www.agtwood.com/medium/Product/Image/2e89ac61-0687-4953-9972-40b1f0546826,#9C9C9E
DB,agt,L172 MDF Lam Crossbrushed Metal,https://www.agtwood.com/products/panel/mdf-lam/crossbrushed-metal,https://www.agtwood.com/medium/Product/Image/f49f28de-f98f-4be9-97f5-3a6db02b2f89,#9FA1A0
DB,agt,L171 MDF Lam Travertine Ivory,https://www.agtwood.com/products/panel/mdf-lam/travertine-ivory,https://www.agtwood.com/medium/Product/Image/ed616897-2b02-4200-a628-83ce090d8e27,#C9BCA7
DB,agt,L170 MDF Lam Mist White,https://www.agtwood.com/products/panel/mdf-lam/mist-white,https://www.agtwood.com/medium/Product/Image/b132f00c-2482-4c55-9bbc-3352f2ef6c38,#D0D1D2
DB,agt,L169 MDF Lam Smoky Blue,https://www.agtwood.com/products/panel/mdf-lam/smoky-blue,https://www.agtwood.com/medium/Product/Image/669059c1-ae09-49fa-9330-f5bdd889cfc6,#4C6880
DB,agt,L168 MDF Lam Olive Stone,https://www.agtwood.com/products/panel/mdf-lam/olive-stone,https://www.agtwood.com/medium/Product/Image/0cf67ecb-8189-443a-a8c6-d8e4343b9ba0,#4C656A
DB,agt,L165 MDF Lam Arden Oak,https://www.agtwood.com/products/panel/mdf-lam/arden-oak,https://www.agtwood.com/medium/Product/Image/c5238f24-5815-4904-af92-3433c70e1e13,#DDC192
DB,agt,L163 MDF Lam Arkansas Oak,https://www.agtwood.com/products/panel/mdf-lam/arkansas-oak,https://www.agtwood.com/medium/Product/Image/beb5d7fd-f353-45d4-a510-0335932f49e6,#CEA888
DB,agt,L161 MDF Lam Toronto Oak,https://www.agtwood.com/products/panel/mdf-lam/toronto-oak,https://www.agtwood.com/medium/Product/Image/3fdfc7f1-2338-418f-a3f6-2ed675285f71,#897964
DB,agt,L164 MDF Lam Terra Oak,https://www.agtwood.com/products/panel/mdf-lam/terra-oak,https://www.agtwood.com/medium/Product/Image/e195a7e1-3336-4365-b1c4-ccb268c65753,#704D2C
DB,agt,L162 MDF Lam Denver Oak,https://www.agtwood.com/products/panel/mdf-lam/denver-oak,https://www.agtwood.com/medium/Product/Image/5d32fefe-fc65-4082-84c6-db22a8ca8e42,#5C493A
DB,agt,L160 MDF Lam Costa Oak,https://www.agtwood.com/products/panel/mdf-lam/costa-oak,https://www.agtwood.com/medium/Product/Image/1fbb1a0c-7c18-48bc-8799-24e87bddff31,#876841
DB,agt,L004 MDF Lam Anthracite,https://www.agtwood.com/products/panel/mdf-lam/anthracite,https://www.agtwood.com/medium/Product/Image/fc8b0332-d9d7-4d98-9430-3de3ba954e2a,#696D70
DB,agt,L152 MDF Lam Cappadocia Cream,https://www.agtwood.com/products/panel/mdf-lam/cappadocia-cream,https://www.agtwood.com/medium/Product/Image/c3017c13-3637-416b-8058-84675a925b07,#ABA7A7
DB,agt,L151 MDF Lam Jazz Grey,https://www.agtwood.com/products/panel/mdf-lam/jazz-grey,https://www.agtwood.com/medium/Product/Image/3e29c127-dfc5-4b62-bd4f-9f674e5efeca,#95989D
DB,agt,L156 Soft Touch Mint,https://www.agtwood.com/products/panel/mdf-lam/soft-touch-mint,https://www.agtwood.com/medium/Product/Image/99b01e9e-1b79-46c9-84af-ff586e71946e,#525955
DB,agt,L157 MDF Lam Fossil Grey,https://www.agtwood.com/products/panel/mdf-lam/fossil-grey,https://www.agtwood.com/medium/Product/Image/2f2528d1-dbf3-4578-9bcb-9929e95fbeac,#868776
DB,agt,L154 MDF Lam Carbon Grey,https://www.agtwood.com/products/panel/mdf-lam/carbon-grey,https://www.agtwood.com/medium/Product/Image/ed8a1d5b-4292-4962-8f95-c9cfbd2e609a,#262626
DB,agt,L155 MDF Lam Lead Grey,https://www.agtwood.com/products/panel/mdf-lam/lead-grey,https://www.agtwood.com/medium/Product/Image/21d478e8-d0cc-45ab-9011-42ad4e8e12c6,#1F1E20
DB,agt,L153 MDF Lam Sepia Line,https://www.agtwood.com/products/panel/mdf-lam/sepia-line,https://www.agtwood.com/medium/Product/Image/0a997fca-53d8-47f7-938a-63bc70b7c3fd,#B28A61
DB,agt,L159 MDF Lam Babylon Oak,https://www.agtwood.com/products/panel/mdf-lam/babylon-oak,https://www.agtwood.com/medium/Product/Image/d85c2fd7-19cf-4fab-8671-c55192ac7c5e,#977852
DB,agt,L158 MDF Lam Marmara Rhythmic White,https://www.agtwood.com/products/panel/mdf-lam/marmara-rhythmic-white,https://www.agtwood.com/medium/Product/Image/35608dce-b158-44d7-b6a5-e85c39e2d12c,#DFDFDF
DB,agt,L145 MDF Lam Grand Beige,https://www.agtwood.com/products/panel/mdf-lam/grand-bej,https://www.agtwood.com/medium/Product/Image/1896dddb-c2a4-426f-9aab-e42219967010,#A3978D
DB,agt,L144 MDF Lam Sapphire Grey,https://www.agtwood.com/products/panel/mdf-lam/safir-gri,https://www.agtwood.com/medium/Product/Image/2e777030-46ab-4508-993b-bc6400c97668,#BAB2A4
DB,agt,L146 MDF Lam Dark Anthracite,https://www.agtwood.com/products/panel/mdf-lam/dark-anthracite,https://www.agtwood.com/medium/Product/Image/909fcd73-1955-47fd-8296-ccdf3b3ee938,#595B5B
DB,agt,L139 MDF Lam Marmara Black,https://www.agtwood.com/products/panel/mdf-lam/marmara-black,https://www.agtwood.com/medium/Product/Image/6f5b4115-e7bb-47b5-b652-944e35f7c8ff,#33332F
DB,agt,L138 MDF Lam Marmara Gray,https://www.agtwood.com/products/panel/mdf-lam/marmara-gray,https://www.agtwood.com/medium/Product/Image/902f28b2-9bc5-4773-8d84-7ca422eec5df,#C1BBAF
DB,agt,L133 MDF Lam Pera,https://www.agtwood.com/products/panel/mdf-lam/pera,https://www.agtwood.com/medium/Product/Image/3d1eb40e-d5e4-451e-ae7f-4bf7c54dbf98,#AB9062
DB,agt,L034 MDF Lam Golden Oak,https://www.agtwood.com/products/panel/mdf-lam/golden-oak,https://www.agtwood.com/medium/Product/Image/f5039f37-6e89-4e7b-a2c5-8a4416718252,#B79C85
DB,agt,L126 MDF Lam Toskana,https://www.agtwood.com/products/panel/mdf-lam/toskana,https://www.agtwood.com/medium/Product/Image/5037eebc-f84c-4392-9f89-52f2c8d6e0f4,#B59263
DB,agt,L053 MDF Lam Montebello,https://www.agtwood.com/products/panel/mdf-lam/montebello,https://www.agtwood.com/medium/Product/Image/0091a2a9-64a5-4cd1-92ad-c8e73e8f4eef,#D4BFA7
DB,agt,L051 MDF Lam Corsico,https://www.agtwood.com/products/panel/mdf-lam/corsico,https://www.agtwood.com/medium/Product/Image/8156b7af-f261-44b3-992f-a8a6d96faecb,#D6955C
DB,agt,L032 MDF Lam German Oak,https://www.agtwood.com/products/panel/mdf-lam/german-oak,https://www.agtwood.com/medium/Product/Image/9084f1db-a423-47c0-a03d-9af2f075f082,#AA9889
DB,agt,L031 MDF Lam Light Walnut,https://www.agtwood.com/products/panel/mdf-lam/light-walnut,https://www.agtwood.com/medium/Product/Image/afeee44e-a221-4bcb-9017-fa8a9d4ef525,#856047
DB,agt,L030 MDF Lam Bamboo,https://www.agtwood.com/products/panel/mdf-lam/bambu,https://www.agtwood.com/medium/Product/Image/55128194-45ca-4604-9024-6f4cf54c6af2,#B78053
DB,agt,L020 MDF Lam Tobacco,https://www.agtwood.com/products/panel/mdf-lam/tutun,https://www.agtwood.com/medium/Product/Image/cca282c0-8704-4ee0-aced-9bc62f7d6896,#64411E
DB,agt,L019 MDF Lam Teak,https://www.agtwood.com/products/panel/mdf-lam/tik,https://www.agtwood.com/medium/Product/Image/f4bf314e-d787-48ef-9ef3-f2265688439a,#A78563
DB,agt,L003 MDF Lam Black,https://www.agtwood.com/products/panel/mdf-lam/black,https://www.agtwood.com/medium/Product/Image/d0b958ee-f3bc-46ba-99ef-d509727ff7e6,#19181C
DB,agt,L002 MDF Lam Bianco,https://www.agtwood.com/products/panel/mdf-lam/bianco,https://www.agtwood.com/medium/Product/Image/1dcc06d9-b7f4-44fc-85da-882c0ac534da,#E7E2D0
DB,agt,L143 MDF Lam Giza,https://www.agtwood.com/products/panel/mdf-lam/giza,https://www.agtwood.com/medium/Product/Image/d65ab46b-f664-47a1-a058-cc9c9d7f2574,#B59574
DB,agt,L140 MDF Lam Marmara Etra,https://www.agtwood.com/products/panel/mdf-lam/marmara-etra,https://www.agtwood.com/medium/Product/Image/a6606b28-d6f3-4e6f-a82a-c5a65c3b6d5e,#DCD4C9
DB,agt,L001 MDF Lam White,https://www.agtwood.com/products/panel/mdf-lam/white,https://www.agtwood.com/medium/Product/Image/4bc65db9-0459-4686-b9d4-7961355b4a1c,#E3E1E0